keyword,title,price,raw_price,rating,reviews,platform,position,delivery,link,thumbnail,product_id,source,price_imputed,discount_pct,price_before_cap,brand,visibility_score,top_10,price_range,rating_range
office chair ergonomic,HP office chair ergonomic Model 603,36225.0,,3.7,3241,Croma,,2 Days,,,,csv,False,,36225.0,HP,,,"1,000+",3-3.99
microwave oven convection,Samsung microwave oven convection Model 524,24180.5,,4.7,1294,Amazon,,Free Delivery,,,,csv,True,,24180.5,Samsung,,,"1,000+",4.5-5
power bank fast charging,Samsung power bank fast charging Model 402,27396.0,,,3070,Croma,,Free Delivery,,,,csv,True,,27396.0,Samsung,,,"1,000+",Unknown
microwave oven convection,Dell microwave oven convection Model 877,2507.0,,4.7,3446,Flipkart,,Free Delivery,,,,csv,False,,2507.0,Dell,,,"1,000+",4.5-5
men running shoes,Dell men running shoes Model 536,2176.0,,3.8,2031,Croma,,5 Days,,,,csv,False,,2176.0,Dell,,,"1,000+",3-3.99
power bank fast charging,Samsung power bank fast charging Model 562,5331.0,,,4124,Reliance Digital,,5 Days,,,,csv,False,,5331.0,Samsung,,,"1,000+",Unknown
air fryer india,Philips air fryer India Model 259,24365.0,,2.8,1761,Croma,,5 Days,,,,csv,True,,24365.0,Philips,,,"1,000+",Under 3
office chair ergonomic,Philips office chair ergonomic Model 836,4564.0,,3.0,1540,Amazon,,Free Delivery,,,,csv,False,,4564.0,Philips,,,"1,000+",3-3.99
microwave oven convection,Boat microwave oven convection Model 588,21830.0,,4.0,126,Croma,,Free Delivery,,,,csv,False,,21830.0,Boat,,,"1,000+",4-4.49
office chair ergonomic,Puma office chair ergonomic Model 591,19233.0,,4.6,3911,Reliance Digital,,5 Days,,,,csv,False,,19233.0,Puma,,,"1,000+",4.5-5
men running shoes,Boat men running shoes Model 859,20381.0,,,684,Amazon,,2 Days,,,,csv,False,,20381.0,Boat,,,"1,000+",Unknown
office chair ergonomic,Puma office chair ergonomic Model 417,8744.0,,4.9,3832,Croma,,2 Days,,,,csv,False,,8744.0,Puma,,,"1,000+",4.5-5
power bank fast charging,Dell power bank fast charging Model 575,190200.0,,4.5,4367,Croma,,Free Delivery,,,,csv,False,,190200.0,Dell,,,"1,000+",4.5-5
power bank fast charging,Sony power bank fast charging Model 896,5150.0,,5.0,2220,Croma,,2 Days,,,,csv,False,,5150.0,Sony,,,"1,000+",4.5-5
air fryer india,Philips air fryer India Model 339,45304.0,,2.7,1761,Reliance Digital,,2 Days,,,,csv,False,,45304.0,Philips,,,"1,000+",Under 3
men running shoes,Philips men running shoes Model 418,9160.0,,3.7,2887,Amazon,,5 Days,,,,csv,False,,9160.0,Philips,,,"1,000+",3-3.99
power bank fast charging,LG power bank fast charging Model 382,10945.0,,2.9,3032,Amazon,,Free Delivery,,,,csv,False,,10945.0,LG,,,"1,000+",Under 3
microwave oven convection,HP microwave oven convection Model 409,17931.0,,2.9,4166,Amazon,,2 Days,,,,csv,False,,17931.0,HP,,,"1,000+",Under 3
office chair ergonomic,Puma office chair ergonomic Model 198,15160.0,,3.2,1275,Flipkart,,2 Days,,,,csv,False,,15160.0,Puma,,,"1,000+",3-3.99
microwave oven convection,Samsung microwave oven convection Model 810,24180.5,,3.3,105,Croma,,Free Delivery,,,,csv,True,,24180.5,Samsung,,,"1,000+",3-3.99
air fryer india,Sony air fryer India Model 266,45361.0,,3.1,2934,Croma,,5 Days,,,,csv,False,,45361.0,Sony,,,"1,000+",3-3.99
men running shoes,Puma men running shoes Model 233,22398.0,,4.2,4990,Flipkart,,Free Delivery,,,,csv,True,,22398.0,Puma,,,"1,000+",4-4.49
power bank fast charging,Puma power bank fast charging Model 621,48199.0,,,203,Amazon,,2 Days,,,,csv,False,,48199.0,Puma,,,"1,000+",Unknown
microwave oven convection,LG microwave oven convection Model 479,24180.5,,3.6,1335,Amazon,,5 Days,,,,csv,True,,24180.5,LG,,,"1,000+",3-3.99
men running shoes,Nike men running shoes Model 602,22310.0,,3.8,255,Croma,,5 Days,,,,csv,False,,22310.0,Nike,,,"1,000+",3-3.99
microwave oven convection,LG microwave oven convection Model 351,31911.0,,4.4,2073,Reliance Digital,,2 Days,,,,csv,False,,31911.0,LG,,,"1,000+",4-4.49
office chair ergonomic,Nike office chair ergonomic Model 173,33852.0,,4.4,3965,Amazon,,2 Days,,,,csv,False,,33852.0,Nike,,,"1,000+",4-4.49
men running shoes,HP men running shoes Model 796,16321.0,,4.8,4474,Flipkart,,5 Days,,,,csv,False,,16321.0,HP,,,"1,000+",4.5-5
power bank fast charging,Puma power bank fast charging Model 343,889.0,,4.9,3557,Reliance Digital,,5 Days,,,,csv,False,,889.0,Puma,,,500-999.99,4.5-5
microwave oven convection,Nike microwave oven convection Model 438,1670.0,,3.9,1982,Amazon,,2 Days,,,,csv,False,,1670.0,Nike,,,"1,000+",3-3.99
office chair ergonomic,Sony office chair ergonomic Model 955,28760.0,,3.6,2169,Flipkart,,2 Days,,,,csv,False,,28760.0,Sony,,,"1,000+",3-3.99
microwave oven convection,Nike microwave oven convection Model 917,4484.0,,3.0,3422,Reliance Digital,,5 Days,,,,csv,False,,4484.0,Nike,,,"1,000+",3-3.99
air fryer india,Dell air fryer India Model 250,25576.0,,2.9,1041,Flipkart,,5 Days,,,,csv,False,,25576.0,Dell,,,"1,000+",Under 3
power bank fast charging,Boat power bank fast charging Model 977,27396.0,,3.3,2070,Amazon,,5 Days,,,,csv,True,,27396.0,Boat,,,"1,000+",3-3.99
microwave oven convection,Dell microwave oven convection Model 272,383160.0,,4.5,351,Reliance Digital,,5 Days,,,,csv,False,,438510.0,Dell,,,"1,000+",4.5-5
air fryer india,LG air fryer India Model 797,10526.0,,4.7,4373,Reliance Digital,,2 Days,,,,csv,False,,10526.0,LG,,,"1,000+",4.5-5
office chair ergonomic,LG office chair ergonomic Model 187,7370.0,,4.9,324,Flipkart,,5 Days,,,,csv,False,,7370.0,LG,,,"1,000+",4.5-5
power bank fast charging,LG power bank fast charging Model 927,5380.0,,2.6,1069,Croma,,Free Delivery,,,,csv,False,,5380.0,LG,,,"1,000+",Under 3
office chair ergonomic,Boat office chair ergonomic Model 251,10118.0,,3.7,2270,Amazon,,2 Days,,,,csv,False,,10118.0,Boat,,,"1,000+",3-3.99
men running shoes,Philips men running shoes Model 769,6357.0,,3.3,255,Reliance Digital,,5 Days,,,,csv,False,,6357.0,Philips,,,"1,000+",3-3.99
power bank fast charging,Dell power bank fast charging Model 326,35283.0,,3.8,4008,Amazon,,2 Days,,,,csv,False,,35283.0,Dell,,,"1,000+",3-3.99
men running shoes,Dell men running shoes Model 450,2830.0,,2.9,3675,Amazon,,2 Days,,,,csv,False,,2830.0,Dell,,,"1,000+",Under 3
power bank fast charging,LG power bank fast charging Model 330,28981.0,,3.8,4349,Croma,,2 Days,,,,csv,False,,28981.0,LG,,,"1,000+",3-3.99
office chair ergonomic,LG office chair ergonomic Model 365,42218.0,,3.0,138,Amazon,,Free Delivery,,,,csv,False,,42218.0,LG,,,"1,000+",3-3.99
men running shoes,LG men running shoes Model 272,20795.0,,4.1,1456,Flipkart,,2 Days,,,,csv,False,,20795.0,LG,,,"1,000+",4-4.49
microwave oven convection,HP microwave oven convection Model 260,10399.0,,4.8,1364,Croma,,2 Days,,,,csv,False,,10399.0,HP,,,"1,000+",4.5-5
power bank fast charging,Puma power bank fast charging Model 256,27396.0,,,3436,Amazon,,Free Delivery,,,,csv,True,,27396.0,Puma,,,"1,000+",Unknown
men running shoes,HP men running shoes Model 980,22136.0,,4.4,2269,Croma,,Free Delivery,,,,csv,False,,22136.0,HP,,,"1,000+",4-4.49
power bank fast charging,Boat power bank fast charging Model 625,38621.0,,3.5,2443,Amazon,,2 Days,,,,csv,False,,38621.0,Boat,,,"1,000+",3-3.99
office chair ergonomic,HP office chair ergonomic Model 850,47613.0,,4.9,4909,Croma,,5 Days,,,,csv,False,,47613.0,HP,,,"1,000+",4.5-5
microwave oven convection,Boat microwave oven convection Model 255,9089.0,,4.1,3138,Croma,,5 Days,,,,csv,False,,9089.0,Boat,,,"1,000+",4-4.49
air fryer india,Sony air fryer India Model 404,10311.0,,2.9,2685,Croma,,Free Delivery,,,,csv,False,,10311.0,Sony,,,"1,000+",Under 3
air fryer india,Philips air fryer India Model 313,38075.0,,3.5,1080,Amazon,,Free Delivery,,,,csv,False,,38075.0,Philips,,,"1,000+",3-3.99
microwave oven convection,Puma microwave oven convection Model 765,8497.0,,2.6,1408,Croma,,2 Days,,,,csv,False,,8497.0,Puma,,,"1,000+",Under 3
microwave oven convection,LG microwave oven convection Model 377,15541.0,,,1848,Reliance Digital,,5 Days,,,,csv,False,,15541.0,LG,,,"1,000+",Unknown
power bank fast charging,Nike power bank fast charging Model 332,20043.0,,3.7,2355,Flipkart,,2 Days,,,,csv,False,,20043.0,Nike,,,"1,000+",3-3.99
microwave oven convection,Puma microwave oven convection Model 583,33632.0,,4.5,,Reliance Digital,,Free Delivery,,,,csv,False,,33632.0,Puma,,,"1,000+",4.5-5
men running shoes,Philips men running shoes Model 437,8752.0,,4.7,3962,Amazon,,5 Days,,,,csv,False,,8752.0,Philips,,,"1,000+",4.5-5
microwave oven convection,Sony microwave oven convection Model 873,35455.0,,3.7,2825,Flipkart,,5 Days,,,,csv,False,,35455.0,Sony,,,"1,000+",3-3.99
microwave oven convection,Boat microwave oven convection Model 875,6446.0,,4.6,613,Amazon,,2 Days,,,,csv,False,,6446.0,Boat,,,"1,000+",4.5-5
microwave oven convection,Sony microwave oven convection Model 369,4789.0,,4.6,589,Amazon,,5 Days,,,,csv,False,,4789.0,Sony,,,"1,000+",4.5-5
men running shoes,Dell men running shoes Model 900,8466.0,,3.2,3377,Croma,,2 Days,,,,csv,False,,8466.0,Dell,,,"1,000+",3-3.99
men running shoes,Philips men running shoes Model 503,46885.0,,4.4,986,Amazon,,Free Delivery,,,,csv,False,,46885.0,Philips,,,"1,000+",4-4.49
microwave oven convection,Sony microwave oven convection Model 912,24180.5,,4.0,1238,Reliance Digital,,2 Days,,,,csv,True,,24180.5,Sony,,,"1,000+",4-4.49
men running shoes,Samsung men running shoes Model 630,22398.0,,2.7,1756,Amazon,,2 Days,,,,csv,True,,22398.0,Samsung,,,"1,000+",Under 3
men running shoes,HP men running shoes Model 956,1861.0,,3.9,652,Croma,,5 Days,,,,csv,False,,1861.0,HP,,,"1,000+",3-3.99
air fryer india,Dell air fryer India Model 284,36220.0,,3.6,2875,Croma,,Free Delivery,,,,csv,False,,36220.0,Dell,,,"1,000+",3-3.99
microwave oven convection,Dell microwave oven convection Model 370,41318.0,,3.8,4161,Reliance Digital,,2 Days,,,,csv,False,,41318.0,Dell,,,"1,000+",3-3.99
office chair ergonomic,Puma office chair ergonomic Model 514,25335.0,,4.4,3775,Croma,,5 Days,,,,csv,True,,25335.0,Puma,,,"1,000+",4-4.49
men running shoes,Samsung men running shoes Model 311,47745.0,,,1278,Flipkart,,Free Delivery,,,,csv,False,,47745.0,Samsung,,,"1,000+",Unknown
microwave oven convection,Nike microwave oven convection Model 591,24180.5,,2.7,3821,Reliance Digital,,5 Days,,,,csv,True,,24180.5,Nike,,,"1,000+",Under 3
air fryer india,Dell air fryer India Model 810,10588.0,,3.9,4559,Croma,,5 Days,,,,csv,False,,10588.0,Dell,,,"1,000+",3-3.99
air fryer india,HP air fryer India Model 922,15908.0,,3.0,2532,Reliance Digital,,5 Days,,,,csv,False,,15908.0,HP,,,"1,000+",3-3.99
power bank fast charging,Boat power bank fast charging Model 137,27396.0,,,1650,Reliance Digital,,5 Days,,,,csv,True,,27396.0,Boat,,,"1,000+",Unknown
microwave oven convection,HP microwave oven convection Model 231,15909.0,,3.3,3043,Reliance Digital,,Free Delivery,,,,csv,False,,15909.0,HP,,,"1,000+",3-3.99
office chair ergonomic,Nike office chair ergonomic Model 462,23777.0,,3.7,1783,Croma,,2 Days,,,,csv,False,,23777.0,Nike,,,"1,000+",3-3.99
microwave oven convection,Puma microwave oven convection Model 380,17378.0,,4.6,4702,Flipkart,,5 Days,,,,csv,False,,17378.0,Puma,,,"1,000+",4.5-5
men running shoes,HP men running shoes Model 157,35128.0,,4.7,2310,Reliance Digital,,2 Days,,,,csv,False,,35128.0,HP,,,"1,000+",4.5-5
office chair ergonomic,LG office chair ergonomic Model 374,25335.0,,4.5,1364,Croma,,5 Days,,,,csv,True,,25335.0,LG,,,"1,000+",4.5-5
men running shoes,Philips men running shoes Model 776,12533.0,,4.8,208,Flipkart,,Free Delivery,,,,csv,False,,12533.0,Philips,,,"1,000+",4.5-5
air fryer india,Samsung air fryer India Model 961,14116.0,,2.6,2903,Croma,,Free Delivery,,,,csv,False,,14116.0,Samsung,,,"1,000+",Under 3
power bank fast charging,Nike power bank fast charging Model 363,702.0,,4.5,1477,Flipkart,,2 Days,,,,csv,False,,702.0,Nike,,,500-999.99,4.5-5
men running shoes,Dell men running shoes Model 705,20430.0,,4.6,4958,Croma,,2 Days,,,,csv,False,,20430.0,Dell,,,"1,000+",4.5-5
microwave oven convection,Samsung microwave oven convection Model 692,49213.0,,4.9,4261,Amazon,,Free Delivery,,,,csv,False,,49213.0,Samsung,,,"1,000+",4.5-5
microwave oven convection,HP microwave oven convection Model 498,36910.0,,3.3,1021,Flipkart,,2 Days,,,,csv,False,,36910.0,HP,,,"1,000+",3-3.99
microwave oven convection,Boat microwave oven convection Model 460,16391.0,,4.4,4959,Croma,,2 Days,,,,csv,False,,16391.0,Boat,,,"1,000+",4-4.49
office chair ergonomic,Boat office chair ergonomic Model 748,27212.0,,3.0,2333,Flipkart,,Free Delivery,,,,csv,False,,27212.0,Boat,,,"1,000+",3-3.99
power bank fast charging,LG power bank fast charging Model 928,23555.0,,4.9,506,Flipkart,,Free Delivery,,,,csv,False,,23555.0,LG,,,"1,000+",4.5-5
office chair ergonomic,HP office chair ergonomic Model 934,42606.0,,3.0,3555,Flipkart,,Free Delivery,,,,csv,False,,42606.0,HP,,,"1,000+",3-3.99
power bank fast charging,Sony power bank fast charging Model 242,17801.0,,3.4,2910,Croma,,2 Days,,,,csv,False,,17801.0,Sony,,,"1,000+",3-3.99
microwave oven convection,Dell microwave oven convection Model 190,41050.0,,4.4,1230,Reliance Digital,,Free Delivery,,,,csv,False,,41050.0,Dell,,,"1,000+",4-4.49
power bank fast charging,Philips power bank fast charging Model 319,38764.0,,,416,Croma,,5 Days,,,,csv,False,,38764.0,Philips,,,"1,000+",Unknown
power bank fast charging,Samsung power bank fast charging Model 461,2621.0,,4.9,112,Amazon,,Free Delivery,,,,csv,False,,2621.0,Samsung,,,"1,000+",4.5-5
power bank fast charging,Boat power bank fast charging Model 133,4165.0,,3.4,2655,Croma,,5 Days,,,,csv,False,,4165.0,Boat,,,"1,000+",3-3.99
office chair ergonomic,Philips office chair ergonomic Model 510,48400.0,,4.8,469,Reliance Digital,,Free Delivery,,,,csv,False,,48400.0,Philips,,,"1,000+",4.5-5
men running shoes,Boat men running shoes Model 369,22398.0,,3.6,1998,Flipkart,,2 Days,,,,csv,True,,22398.0,Boat,,,"1,000+",3-3.99
microwave oven convection,Sony microwave oven convection Model 340,24180.5,,4.3,4487,Reliance Digital,,5 Days,,,,csv,True,,24180.5,Sony,,,"1,000+",4-4.49
office chair ergonomic,Nike office chair ergonomic Model 416,25335.0,,3.7,1943,Croma,,Free Delivery,,,,csv,True,,25335.0,Nike,,,"1,000+",3-3.99
air fryer india,Philips air fryer India Model 746,24365.0,,4.0,4869,Croma,,Free Delivery,,,,csv,True,,24365.0,Philips,,,"1,000+",4-4.49
men running shoes,LG men running shoes Model 542,22398.0,,3.8,2690,Reliance Digital,,5 Days,,,,csv,True,,22398.0,LG,,,"1,000+",3-3.99
air fryer india,Philips air fryer India Model 250,32487.0,,4.5,2194,Reliance Digital,,Free Delivery,,,,csv,False,,32487.0,Philips,,,"1,000+",4.5-5
men running shoes,LG men running shoes Model 220,13243.0,,3.7,1513,Flipkart,,Free Delivery,,,,csv,False,,13243.0,LG,,,"1,000+",3-3.99
microwave oven convection,Dell microwave oven convection Model 363,27413.0,,3.1,1596,Flipkart,,2 Days,,,,csv,False,,27413.0,Dell,,,"1,000+",3-3.99
power bank fast charging,HP power bank fast charging Model 389,18862.0,,4.7,4825,Flipkart,,5 Days,,,,csv,False,,18862.0,HP,,,"1,000+",4.5-5
air fryer india,Puma air fryer India Model 420,19293.0,,3.5,721,Amazon,,2 Days,,,,csv,False,,19293.0,Puma,,,"1,000+",3-3.99
air fryer india,Dell air fryer India Model 471,25906.0,,2.8,2582,Reliance Digital,,Free Delivery,,,,csv,False,,25906.0,Dell,,,"1,000+",Under 3
men running shoes,Puma men running shoes Model 302,46676.0,,3.0,1248,Flipkart,,Free Delivery,,,,csv,False,,46676.0,Puma,,,"1,000+",3-3.99
air fryer india,Sony air fryer India Model 232,44203.0,,4.7,2799,Croma,,Free Delivery,,,,csv,False,,44203.0,Sony,,,"1,000+",4.5-5
power bank fast charging,Dell power bank fast charging Model 386,27396.0,,4.2,962,Reliance Digital,,Free Delivery,,,,csv,True,,27396.0,Dell,,,"1,000+",4-4.49
microwave oven convection,HP microwave oven convection Model 285,24180.5,,,2826,Flipkart,,2 Days,,,,csv,True,,24180.5,HP,,,"1,000+",Unknown
air fryer india,Puma air fryer India Model 349,30268.0,,4.2,3941,Croma,,Free Delivery,,,,csv,False,,30268.0,Puma,,,"1,000+",4-4.49
men running shoes,Boat men running shoes Model 401,146220.0,,3.2,1261,Reliance Digital,,5 Days,,,,csv,False,,146220.0,Boat,,,"1,000+",3-3.99
power bank fast charging,Nike power bank fast charging Model 369,44892.0,,3.9,383,Amazon,,2 Days,,,,csv,False,,44892.0,Nike,,,"1,000+",3-3.99
microwave oven convection,HP microwave oven convection Model 284,44322.0,,4.3,2946,Croma,,5 Days,,,,csv,False,,44322.0,HP,,,"1,000+",4-4.49
air fryer india,Boat air fryer India Model 908,41753.0,,4.3,3905,Reliance Digital,,Free Delivery,,,,csv,False,,41753.0,Boat,,,"1,000+",4-4.49
office chair ergonomic,LG office chair ergonomic Model 572,23787.0,,4.4,2192,Croma,,Free Delivery,,,,csv,False,,23787.0,LG,,,"1,000+",4-4.49
men running shoes,Nike men running shoes Model 761,22667.0,,4.7,1929,Flipkart,,Free Delivery,,,,csv,False,,22667.0,Nike,,,"1,000+",4.5-5
office chair ergonomic,LG office chair ergonomic Model 655,41827.0,,4.1,,Flipkart,,Free Delivery,,,,csv,False,,41827.0,LG,,,"1,000+",4-4.49
air fryer india,LG air fryer India Model 811,33630.0,,4.0,1597,Reliance Digital,,Free Delivery,,,,csv,False,,33630.0,LG,,,"1,000+",4-4.49
microwave oven convection,Puma microwave oven convection Model 556,192440.0,,4.3,4490,Croma,,2 Days,,,,csv,False,,192440.0,Puma,,,"1,000+",4-4.49
air fryer india,LG air fryer India Model 528,48545.0,,4.5,309,Flipkart,,5 Days,,,,csv,False,,48545.0,LG,,,"1,000+",4.5-5
microwave oven convection,LG microwave oven convection Model 606,30148.0,,2.7,4899,Croma,,5 Days,,,,csv,False,,30148.0,LG,,,"1,000+",Under 3
power bank fast charging,Dell power bank fast charging Model 949,26802.0,,2.9,3666,Flipkart,,Free Delivery,,,,csv,False,,26802.0,Dell,,,"1,000+",Under 3
power bank fast charging,HP power bank fast charging Model 389,27396.0,,,1152,Croma,,5 Days,,,,csv,True,,27396.0,HP,,,"1,000+",Unknown
power bank fast charging,Sony power bank fast charging Model 531,32369.0,,2.6,2525,Flipkart,,Free Delivery,,,,csv,False,,32369.0,Sony,,,"1,000+",Under 3
men running shoes,Samsung men running shoes Model 624,22398.0,,,4218,Croma,,5 Days,,,,csv,True,,22398.0,Samsung,,,"1,000+",Unknown
office chair ergonomic,Nike office chair ergonomic Model 985,46962.0,,3.6,526,Croma,,2 Days,,,,csv,False,,46962.0,Nike,,,"1,000+",3-3.99
power bank fast charging,HP power bank fast charging Model 469,23432.0,,3.3,,Croma,,2 Days,,,,csv,False,,23432.0,HP,,,"1,000+",3-3.99
power bank fast charging,Samsung power bank fast charging Model 954,16114.0,,3.1,3197,Reliance Digital,,2 Days,,,,csv,False,,16114.0,Samsung,,,"1,000+",3-3.99
power bank fast charging,Puma power bank fast charging Model 144,36520.0,,3.1,3011,Reliance Digital,,5 Days,,,,csv,False,,36520.0,Puma,,,"1,000+",3-3.99
office chair ergonomic,Nike office chair ergonomic Model 799,48982.0,,3.3,3233,Amazon,,Free Delivery,,,,csv,False,,48982.0,Nike,,,"1,000+",3-3.99
power bank fast charging,Samsung power bank fast charging Model 447,14024.0,,4.0,3085,Reliance Digital,,Free Delivery,,,,csv,False,,14024.0,Samsung,,,"1,000+",4-4.49
air fryer india,LG air fryer India Model 152,28647.0,,3.9,3757,Flipkart,,5 Days,,,,csv,False,,28647.0,LG,,,"1,000+",3-3.99
office chair ergonomic,Nike office chair ergonomic Model 321,17858.0,,3.7,666,Flipkart,,5 Days,,,,csv,False,,17858.0,Nike,,,"1,000+",3-3.99
air fryer india,Nike air fryer India Model 609,34421.0,,2.8,660,Amazon,,Free Delivery,,,,csv,False,,34421.0,Nike,,,"1,000+",Under 3
power bank fast charging,Boat power bank fast charging Model 295,17152.0,,3.9,1879,Flipkart,,Free Delivery,,,,csv,False,,17152.0,Boat,,,"1,000+",3-3.99
power bank fast charging,Samsung power bank fast charging Model 308,780.0,,2.9,2239,Croma,,2 Days,,,,csv,False,,780.0,Samsung,,,500-999.99,Under 3
men running shoes,Puma men running shoes Model 846,1264.0,,4.2,1855,Croma,,5 Days,,,,csv,False,,1264.0,Puma,,,"1,000+",4-4.49
air fryer india,Dell air fryer India Model 255,26154.0,,3.4,1644,Flipkart,,Free Delivery,,,,csv,False,,26154.0,Dell,,,"1,000+",3-3.99
power bank fast charging,Sony power bank fast charging Model 220,35128.0,,4.3,1617,Amazon,,5 Days,,,,csv,False,,35128.0,Sony,,,"1,000+",4-4.49
air fryer india,Boat air fryer India Model 553,24365.0,,4.5,1543,Amazon,,2 Days,,,,csv,True,,24365.0,Boat,,,"1,000+",4.5-5
microwave oven convection,HP microwave oven convection Model 161,34850.0,,4.7,1498,Amazon,,5 Days,,,,csv,False,,34850.0,HP,,,"1,000+",4.5-5
power bank fast charging,Puma power bank fast charging Model 131,8933.0,,3.8,143,Amazon,,2 Days,,,,csv,False,,8933.0,Puma,,,"1,000+",3-3.99
office chair ergonomic,Puma office chair ergonomic Model 677,20577.0,,3.6,3338,Croma,,5 Days,,,,csv,False,,20577.0,Puma,,,"1,000+",3-3.99
power bank fast charging,LG power bank fast charging Model 664,34516.0,,4.0,2812,Amazon,,Free Delivery,,,,csv,False,,34516.0,LG,,,"1,000+",4-4.49
microwave oven convection,Puma microwave oven convection Model 871,11766.0,,4.5,4784,Reliance Digital,,5 Days,,,,csv,False,,11766.0,Puma,,,"1,000+",4.5-5
men running shoes,HP men running shoes Model 660,22398.0,,4.1,1332,Croma,,5 Days,,,,csv,True,,22398.0,HP,,,"1,000+",4-4.49
power bank fast charging,Philips power bank fast charging Model 956,22658.0,,4.3,4250,Amazon,,2 Days,,,,csv,False,,22658.0,Philips,,,"1,000+",4-4.49
air fryer india,HP air fryer India Model 320,24365.0,,3.4,381,Reliance Digital,,Free Delivery,,,,csv,True,,24365.0,HP,,,"1,000+",3-3.99
air fryer india,Puma air fryer India Model 328,22632.0,,4.8,2008,Amazon,,Free Delivery,,,,csv,False,,22632.0,Puma,,,"1,000+",4.5-5
microwave oven convection,Boat microwave oven convection Model 117,12123.0,,4.6,4412,Flipkart,,5 Days,,,,csv,False,,12123.0,Boat,,,"1,000+",4.5-5
microwave oven convection,Philips microwave oven convection Model 955,24180.5,,4.3,4330,Flipkart,,5 Days,,,,csv,True,,24180.5,Philips,,,"1,000+",4-4.49
power bank fast charging,HP power bank fast charging Model 832,30429.0,,4.4,4501,Flipkart,,Free Delivery,,,,csv,False,,30429.0,HP,,,"1,000+",4-4.49
power bank fast charging,Sony power bank fast charging Model 552,1240.0,,4.0,1072,Flipkart,,Free Delivery,,,,csv,False,,1240.0,Sony,,,"1,000+",4-4.49
men running shoes,Nike men running shoes Model 523,19303.0,,4.7,3172,Amazon,,2 Days,,,,csv,False,,19303.0,Nike,,,"1,000+",4.5-5
office chair ergonomic,Sony office chair ergonomic Model 587,2295.0,,,4417,Croma,,5 Days,,,,csv,False,,2295.0,Sony,,,"1,000+",Unknown
microwave oven convection,Nike microwave oven convection Model 158,325160.0,,3.5,4292,Croma,,5 Days,,,,csv,False,,325160.0,Nike,,,"1,000+",3-3.99
office chair ergonomic,Puma office chair ergonomic Model 360,24626.0,,2.8,3256,Croma,,Free Delivery,,,,csv,False,,24626.0,Puma,,,"1,000+",Under 3
power bank fast charging,Dell power bank fast charging Model 204,49421.0,,2.6,1928,Flipkart,,Free Delivery,,,,csv,False,,49421.0,Dell,,,"1,000+",Under 3
air fryer india,Nike air fryer India Model 534,17928.0,,3.4,3731,Reliance Digital,,2 Days,,,,csv,False,,17928.0,Nike,,,"1,000+",3-3.99
men running shoes,LG men running shoes Model 145,30111.0,,3.1,702,Reliance Digital,,Free Delivery,,,,csv,False,,30111.0,LG,,,"1,000+",3-3.99
air fryer india,Philips air fryer India Model 360,17016.0,,3.5,2921,Reliance Digital,,Free Delivery,,,,csv,False,,17016.0,Philips,,,"1,000+",3-3.99
power bank fast charging,HP power bank fast charging Model 824,3841.0,,3.8,1977,Amazon,,5 Days,,,,csv,False,,3841.0,HP,,,"1,000+",3-3.99
microwave oven convection,Samsung microwave oven convection Model 836,17755.0,,3.3,903,Reliance Digital,,Free Delivery,,,,csv,False,,17755.0,Samsung,,,"1,000+",3-3.99
power bank fast charging,Samsung power bank fast charging Model 858,4182.0,,4.4,2560,Amazon,,Free Delivery,,,,csv,False,,4182.0,Samsung,,,"1,000+",4-4.49
power bank fast charging,LG power bank fast charging Model 466,49248.0,,,1875,Amazon,,5 Days,,,,csv,False,,49248.0,LG,,,"1,000+",Unknown
men running shoes,Nike men running shoes Model 143,44839.0,,2.6,3003,Flipkart,,Free Delivery,,,,csv,False,,44839.0,Nike,,,"1,000+",Under 3
power bank fast charging,LG power bank fast charging Model 591,27396.0,,3.4,2625,Amazon,,Free Delivery,,,,csv,True,,27396.0,LG,,,"1,000+",3-3.99
office chair ergonomic,Boat office chair ergonomic Model 149,17627.0,,3.6,2289,Amazon,,2 Days,,,,csv,False,,17627.0,Boat,,,"1,000+",3-3.99
power bank fast charging,LG power bank fast charging Model 249,27396.0,,2.8,2046,Flipkart,,Free Delivery,,,,csv,True,,27396.0,LG,,,"1,000+",Under 3
office chair ergonomic,Puma office chair ergonomic Model 996,66760.0,,3.1,2181,Reliance Digital,,5 Days,,,,csv,False,,66760.0,Puma,,,"1,000+",3-3.99
office chair ergonomic,Philips office chair ergonomic Model 390,25335.0,,,2563,Reliance Digital,,5 Days,,,,csv,True,,25335.0,Philips,,,"1,000+",Unknown
power bank fast charging,LG power bank fast charging Model 549,32260.0,,4.7,1850,Reliance Digital,,5 Days,,,,csv,False,,32260.0,LG,,,"1,000+",4.5-5
power bank fast charging,Philips power bank fast charging Model 461,27396.0,,3.1,4526,Amazon,,2 Days,,,,csv,True,,27396.0,Philips,,,"1,000+",3-3.99
office chair ergonomic,Sony office chair ergonomic Model 269,35424.0,,3.8,886,Amazon,,5 Days,,,,csv,False,,35424.0,Sony,,,"1,000+",3-3.99
air fryer india,Philips air fryer India Model 729,21132.0,,2.7,4262,Croma,,Free Delivery,,,,csv,False,,21132.0,Philips,,,"1,000+",Under 3
men running shoes,Philips men running shoes Model 417,12377.0,,4.1,1839,Flipkart,,5 Days,,,,csv,False,,12377.0,Philips,,,"1,000+",4-4.49
power bank fast charging,Nike power bank fast charging Model 843,21420.0,,4.5,465,Flipkart,,Free Delivery,,,,csv,False,,21420.0,Nike,,,"1,000+",4.5-5
office chair ergonomic,Nike office chair ergonomic Model 207,18384.0,,3.9,3798,Flipkart,,2 Days,,,,csv,False,,18384.0,Nike,,,"1,000+",3-3.99
microwave oven convection,HP microwave oven convection Model 936,39408.0,,4.2,3196,Croma,,5 Days,,,,csv,False,,39408.0,HP,,,"1,000+",4-4.49
air fryer india,Philips air fryer India Model 269,24365.0,,3.6,1770,Flipkart,,5 Days,,,,csv,True,,24365.0,Philips,,,"1,000+",3-3.99
office chair ergonomic,LG office chair ergonomic Model 518,37579.0,,3.0,2735,Amazon,,2 Days,,,,csv,False,,37579.0,LG,,,"1,000+",3-3.99
men running shoes,Boat men running shoes Model 196,6965.0,,4.7,281,Amazon,,Free Delivery,,,,csv,False,,6965.0,Boat,,,"1,000+",4.5-5
power bank fast charging,LG power bank fast charging Model 926,5841.0,,3.5,1593,Croma,,5 Days,,,,csv,False,,5841.0,LG,,,"1,000+",3-3.99
power bank fast charging,Samsung power bank fast charging Model 204,35892.0,,4.0,4811,Amazon,,2 Days,,,,csv,False,,35892.0,Samsung,,,"1,000+",4-4.49
men running shoes,Boat men running shoes Model 488,34899.0,,4.3,2120,Amazon,,5 Days,,,,csv,False,,34899.0,Boat,,,"1,000+",4-4.49
air fryer india,Philips air fryer India Model 777,24223.0,,2.9,2765,Reliance Digital,,5 Days,,,,csv,False,,24223.0,Philips,,,"1,000+",Under 3
office chair ergonomic,Puma office chair ergonomic Model 336,25335.0,,3.3,4418,Flipkart,,2 Days,,,,csv,True,,25335.0,Puma,,,"1,000+",3-3.99
air fryer india,LG air fryer India Model 328,24365.0,,3.9,2799,Reliance Digital,,5 Days,,,,csv,True,,24365.0,LG,,,"1,000+",3-3.99
microwave oven convection,LG microwave oven convection Model 465,35692.0,,3.1,560,Flipkart,,2 Days,,,,csv,False,,35692.0,LG,,,"1,000+",3-3.99
men running shoes,Philips men running shoes Model 921,6136.0,,,3343,Croma,,Free Delivery,,,,csv,False,,6136.0,Philips,,,"1,000+",Unknown
men running shoes,Sony men running shoes Model 459,42264.0,,3.5,3067,Flipkart,,2 Days,,,,csv,False,,42264.0,Sony,,,"1,000+",3-3.99
office chair ergonomic,Puma office chair ergonomic Model 906,23890.0,,,2464,Reliance Digital,,2 Days,,,,csv,False,,23890.0,Puma,,,"1,000+",Unknown
power bank fast charging,Puma power bank fast charging Model 949,87970.0,,4.8,1988,Amazon,,Free Delivery,,,,csv,False,,87970.0,Puma,,,"1,000+",4.5-5
men running shoes,HP men running shoes Model 911,9329.0,,4.5,418,Amazon,,5 Days,,,,csv,False,,9329.0,HP,,,"1,000+",4.5-5
air fryer india,HP air fryer India Model 837,20648.0,,,866,Reliance Digital,,5 Days,,,,csv,False,,20648.0,HP,,,"1,000+",Unknown
power bank fast charging,LG power bank fast charging Model 340,40436.0,,,4359,Reliance Digital,,2 Days,,,,csv,False,,40436.0,LG,,,"1,000+",Unknown
men running shoes,Nike men running shoes Model 543,22398.0,,3.7,2416,Flipkart,,5 Days,,,,csv,True,,22398.0,Nike,,,"1,000+",3-3.99
microwave oven convection,Nike microwave oven convection Model 856,27091.0,,4.1,277,Croma,,5 Days,,,,csv,False,,27091.0,Nike,,,"1,000+",4-4.49
men running shoes,Boat men running shoes Model 803,20987.0,,4.5,3826,Flipkart,,2 Days,,,,csv,False,,20987.0,Boat,,,"1,000+",4.5-5
power bank fast charging,Philips power bank fast charging Model 895,27396.0,,4.6,2596,Croma,,2 Days,,,,csv,True,,27396.0,Philips,,,"1,000+",4.5-5
office chair ergonomic,Nike office chair ergonomic Model 698,18380.0,,3.1,1698,Reliance Digital,,Free Delivery,,,,csv,False,,18380.0,Nike,,,"1,000+",3-3.99
office chair ergonomic,Dell office chair ergonomic Model 875,32126.0,,3.2,3250,Reliance Digital,,5 Days,,,,csv,False,,32126.0,Dell,,,"1,000+",3-3.99
air fryer india,Philips air fryer India Model 596,21238.0,,4.8,2607,Flipkart,,Free Delivery,,,,csv,False,,21238.0,Philips,,,"1,000+",4.5-5
men running shoes,Boat men running shoes Model 933,22398.0,,,4626,Reliance Digital,,5 Days,,,,csv,True,,22398.0,Boat,,,"1,000+",Unknown
air fryer india,Samsung air fryer India Model 271,24365.0,,3.0,2163,Reliance Digital,,5 Days,,,,csv,True,,24365.0,Samsung,,,"1,000+",3-3.99
office chair ergonomic,HP office chair ergonomic Model 303,1279.0,,4.9,4932,Amazon,,2 Days,,,,csv,False,,1279.0,HP,,,"1,000+",4.5-5
office chair ergonomic,Philips office chair ergonomic Model 477,10866.0,,,4350,Croma,,5 Days,,,,csv,False,,10866.0,Philips,,,"1,000+",Unknown
power bank fast charging,Philips power bank fast charging Model 642,28225.0,,4.6,2579,Reliance Digital,,2 Days,,,,csv,False,,28225.0,Philips,,,"1,000+",4.5-5
air fryer india,Nike air fryer India Model 718,29744.0,,4.3,767,Croma,,5 Days,,,,csv,False,,29744.0,Nike,,,"1,000+",4-4.49
men running shoes,Puma men running shoes Model 786,46190.0,,4.4,4850,Reliance Digital,,2 Days,,,,csv,False,,46190.0,Puma,,,"1,000+",4-4.49
air fryer india,Philips air fryer India Model 430,24365.0,,,2842,Amazon,,2 Days,,,,csv,True,,24365.0,Philips,,,"1,000+",Unknown
power bank fast charging,Puma power bank fast charging Model 482,45981.0,,4.7,4614,Croma,,Free Delivery,,,,csv,False,,45981.0,Puma,,,"1,000+",4.5-5
air fryer india,Samsung air fryer India Model 258,24365.0,,3.4,1089,Croma,,2 Days,,,,csv,True,,24365.0,Samsung,,,"1,000+",3-3.99
office chair ergonomic,Puma office chair ergonomic Model 101,25335.0,,4.7,2219,Amazon,,Free Delivery,,,,csv,True,,25335.0,Puma,,,"1,000+",4.5-5
air fryer india,Philips air fryer India Model 969,34115.0,,3.7,2589,Reliance Digital,,2 Days,,,,csv,False,,34115.0,Philips,,,"1,000+",3-3.99
men running shoes,Puma men running shoes Model 582,28024.0,,,80,Flipkart,,Free Delivery,,,,csv,False,,28024.0,Puma,,,"1,000+",Unknown
men running shoes,Puma men running shoes Model 698,10209.0,,4.2,1801,Reliance Digital,,5 Days,,,,csv,False,,10209.0,Puma,,,"1,000+",4-4.49
air fryer india,Samsung air fryer India Model 828,46174.0,,3.8,996,Flipkart,,2 Days,,,,csv,False,,46174.0,Samsung,,,"1,000+",3-3.99
power bank fast charging,Samsung power bank fast charging Model 560,27396.0,,3.9,3606,Reliance Digital,,5 Days,,,,csv,True,,27396.0,Samsung,,,"1,000+",3-3.99
power bank fast charging,Boat power bank fast charging Model 839,14552.0,,3.0,3900,Amazon,,Free Delivery,,,,csv,False,,14552.0,Boat,,,"1,000+",3-3.99
power bank fast charging,Boat power bank fast charging Model 674,37226.0,,4.0,240,Amazon,,Free Delivery,,,,csv,False,,37226.0,Boat,,,"1,000+",4-4.49
microwave oven convection,Dell microwave oven convection Model 467,2674.0,,4.7,1877,Amazon,,2 Days,,,,csv,False,,2674.0,Dell,,,"1,000+",4.5-5
office chair ergonomic,LG office chair ergonomic Model 721,29876.0,,4.9,2562,Croma,,Free Delivery,,,,csv,False,,29876.0,LG,,,"1,000+",4.5-5
office chair ergonomic,HP office chair ergonomic Model 674,25437.0,,3.0,2042,Croma,,2 Days,,,,csv,False,,25437.0,HP,,,"1,000+",3-3.99
microwave oven convection,Samsung microwave oven convection Model 355,19714.0,,2.5,658,Amazon,,Free Delivery,,,,csv,False,,19714.0,Samsung,,,"1,000+",Under 3
men running shoes,HP men running shoes Model 182,47672.0,,3.9,,Reliance Digital,,2 Days,,,,csv,False,,47672.0,HP,,,"1,000+",3-3.99
men running shoes,HP men running shoes Model 331,29643.0,,4.6,359,Reliance Digital,,2 Days,,,,csv,False,,29643.0,HP,,,"1,000+",4.5-5
power bank fast charging,Sony power bank fast charging Model 702,27396.0,,4.7,4883,Croma,,5 Days,,,,csv,True,,27396.0,Sony,,,"1,000+",4.5-5
office chair ergonomic,Boat office chair ergonomic Model 293,14351.0,,3.9,1098,Flipkart,,5 Days,,,,csv,False,,14351.0,Boat,,,"1,000+",3-3.99
air fryer india,Nike air fryer India Model 642,6086.0,,,4274,Flipkart,,5 Days,,,,csv,False,,6086.0,Nike,,,"1,000+",Unknown
air fryer india,HP air fryer India Model 311,43097.0,,3.6,1168,Reliance Digital,,2 Days,,,,csv,False,,43097.0,HP,,,"1,000+",3-3.99
office chair ergonomic,HP office chair ergonomic Model 929,48052.0,,3.8,37,Croma,,2 Days,,,,csv,False,,48052.0,HP,,,"1,000+",3-3.99
office chair ergonomic,Nike office chair ergonomic Model 400,14284.0,,4.7,1381,Croma,,Free Delivery,,,,csv,False,,14284.0,Nike,,,"1,000+",4.5-5
men running shoes,Nike men running shoes Model 617,17198.0,,3.8,3865,Croma,,5 Days,,,,csv,False,,17198.0,Nike,,,"1,000+",3-3.99
power bank fast charging,HP power bank fast charging Model 745,30753.0,,4.6,884,Reliance Digital,,2 Days,,,,csv,False,,30753.0,HP,,,"1,000+",4.5-5
men running shoes,Philips men running shoes Model 827,22398.0,,2.7,2023,Flipkart,,Free Delivery,,,,csv,True,,22398.0,Philips,,,"1,000+",Under 3
microwave oven convection,LG microwave oven convection Model 103,45883.0,,4.5,1488,Flipkart,,2 Days,,,,csv,False,,45883.0,LG,,,"1,000+",4.5-5
microwave oven convection,Nike microwave oven convection Model 484,35539.0,,,461,Reliance Digital,,Free Delivery,,,,csv,False,,35539.0,Nike,,,"1,000+",Unknown
microwave oven convection,Nike microwave oven convection Model 744,14102.0,,3.3,355,Reliance Digital,,Free Delivery,,,,csv,False,,14102.0,Nike,,,"1,000+",3-3.99
power bank fast charging,HP power bank fast charging Model 251,29650.0,,4.0,2211,Amazon,,5 Days,,,,csv,False,,29650.0,HP,,,"1,000+",4-4.49
men running shoes,Nike men running shoes Model 881,22398.0,,4.3,3162,Amazon,,Free Delivery,,,,csv,True,,22398.0,Nike,,,"1,000+",4-4.49
men running shoes,Philips men running shoes Model 830,37227.0,,3.2,2415,Flipkart,,Free Delivery,,,,csv,False,,37227.0,Philips,,,"1,000+",3-3.99
men running shoes,Sony men running shoes Model 146,15396.0,,4.5,1884,Flipkart,,5 Days,,,,csv,False,,15396.0,Sony,,,"1,000+",4.5-5
power bank fast charging,Puma power bank fast charging Model 127,10720.0,,4.3,629,Reliance Digital,,Free Delivery,,,,csv,False,,10720.0,Puma,,,"1,000+",4-4.49
men running shoes,Samsung men running shoes Model 413,14199.0,,3.9,4628,Reliance Digital,,Free Delivery,,,,csv,False,,14199.0,Samsung,,,"1,000+",3-3.99
air fryer india,Samsung air fryer India Model 611,3868.0,,2.7,4042,Croma,,2 Days,,,,csv,False,,3868.0,Samsung,,,"1,000+",Under 3
power bank fast charging,LG power bank fast charging Model 130,49897.0,,3.0,2424,Reliance Digital,,5 Days,,,,csv,False,,49897.0,LG,,,"1,000+",3-3.99
office chair ergonomic,Nike office chair ergonomic Model 962,25335.0,,4.6,2246,Flipkart,,5 Days,,,,csv,True,,25335.0,Nike,,,"1,000+",4.5-5
office chair ergonomic,Boat office chair ergonomic Model 306,33632.0,,3.7,803,Reliance Digital,,2 Days,,,,csv,False,,33632.0,Boat,,,"1,000+",3-3.99
microwave oven convection,Boat microwave oven convection Model 962,13198.0,,4.3,3270,Amazon,,2 Days,,,,csv,False,,13198.0,Boat,,,"1,000+",4-4.49
microwave oven convection,Puma microwave oven convection Model 409,19446.0,,,2308,Croma,,2 Days,,,,csv,False,,19446.0,Puma,,,"1,000+",Unknown
air fryer india,HP air fryer India Model 794,27642.0,,4.9,22,Reliance Digital,,5 Days,,,,csv,False,,27642.0,HP,,,"1,000+",4.5-5
power bank fast charging,Boat power bank fast charging Model 410,7209.0,,3.8,4713,Flipkart,,Free Delivery,,,,csv,False,,7209.0,Boat,,,"1,000+",3-3.99
microwave oven convection,Boat microwave oven convection Model 217,4482.0,,3.2,779,Croma,,2 Days,,,,csv,False,,4482.0,Boat,,,"1,000+",3-3.99
power bank fast charging,LG power bank fast charging Model 610,32170.0,,3.4,852,Reliance Digital,,Free Delivery,,,,csv,False,,32170.0,LG,,,"1,000+",3-3.99
power bank fast charging,Samsung power bank fast charging Model 384,11076.0,,4.4,2498,Amazon,,Free Delivery,,,,csv,False,,11076.0,Samsung,,,"1,000+",4-4.49
air fryer india,Puma air fryer India Model 890,22607.0,,3.3,2977,Reliance Digital,,2 Days,,,,csv,False,,22607.0,Puma,,,"1,000+",3-3.99
microwave oven convection,HP microwave oven convection Model 255,150250.0,,4.8,644,Reliance Digital,,Free Delivery,,,,csv,False,,150250.0,HP,,,"1,000+",4.5-5
microwave oven convection,LG microwave oven convection Model 538,24180.5,,4.3,3962,Reliance Digital,,5 Days,,,,csv,True,,24180.5,LG,,,"1,000+",4-4.49
men running shoes,Nike men running shoes Model 445,6514.0,,3.1,3970,Amazon,,Free Delivery,,,,csv,False,,6514.0,Nike,,,"1,000+",3-3.99
power bank fast charging,Nike power bank fast charging Model 184,27396.0,,2.8,1599,Croma,,2 Days,,,,csv,True,,27396.0,Nike,,,"1,000+",Under 3
power bank fast charging,Puma power bank fast charging Model 391,21690.0,,3.2,3331,Flipkart,,2 Days,,,,csv,False,,21690.0,Puma,,,"1,000+",3-3.99
office chair ergonomic,LG office chair ergonomic Model 994,13287.0,,4.6,414,Croma,,Free Delivery,,,,csv,False,,13287.0,LG,,,"1,000+",4.5-5
microwave oven convection,Sony microwave oven convection Model 718,24180.5,,4.0,1163,Croma,,5 Days,,,,csv,True,,24180.5,Sony,,,"1,000+",4-4.49
power bank fast charging,Philips power bank fast charging Model 285,27396.0,,3.0,2704,Amazon,,5 Days,,,,csv,True,,27396.0,Philips,,,"1,000+",3-3.99
men running shoes,HP men running shoes Model 483,383160.0,,3.3,4703,Amazon,,2 Days,,,,csv,False,,498050.0,HP,,,"1,000+",3-3.99
men running shoes,Boat men running shoes Model 963,1439.0,,3.7,2268,Reliance Digital,,Free Delivery,,,,csv,False,,1439.0,Boat,,,"1,000+",3-3.99
air fryer india,Sony air fryer India Model 556,4039.0,,3.1,2150,Amazon,,5 Days,,,,csv,False,,4039.0,Sony,,,"1,000+",3-3.99
microwave oven convection,Nike microwave oven convection Model 557,26380.0,,4.7,3235,Flipkart,,Free Delivery,,,,csv,False,,26380.0,Nike,,,"1,000+",4.5-5
microwave oven convection,HP microwave oven convection Model 907,38823.0,,3.2,214,Croma,,2 Days,,,,csv,False,,38823.0,HP,,,"1,000+",3-3.99
air fryer india,Nike air fryer India Model 938,6967.0,,2.7,2732,Reliance Digital,,5 Days,,,,csv,False,,6967.0,Nike,,,"1,000+",Under 3
microwave oven convection,Philips microwave oven convection Model 214,24180.5,,2.5,343,Reliance Digital,,Free Delivery,,,,csv,True,,24180.5,Philips,,,"1,000+",Under 3
office chair ergonomic,LG office chair ergonomic Model 506,41093.0,,3.2,3648,Flipkart,,5 Days,,,,csv,False,,41093.0,LG,,,"1,000+",3-3.99
men running shoes,Nike men running shoes Model 469,8496.0,,4.5,969,Croma,,2 Days,,,,csv,False,,8496.0,Nike,,,"1,000+",4.5-5
air fryer india,HP air fryer India Model 735,6304.0,,3.9,3336,Amazon,,5 Days,,,,csv,False,,6304.0,HP,,,"1,000+",3-3.99
men running shoes,Samsung men running shoes Model 267,27684.0,,4.4,2165,Flipkart,,5 Days,,,,csv,False,,27684.0,Samsung,,,"1,000+",4-4.49
men running shoes,LG men running shoes Model 927,10893.0,,,3220,Flipkart,,Free Delivery,,,,csv,False,,10893.0,LG,,,"1,000+",Unknown
air fryer india,Boat air fryer India Model 822,317150.0,,,912,Reliance Digital,,2 Days,,,,csv,False,,317150.0,Boat,,,"1,000+",Unknown
power bank fast charging,Boat power bank fast charging Model 237,40605.0,,4.1,4794,Reliance Digital,,Free Delivery,,,,csv,False,,40605.0,Boat,,,"1,000+",4-4.49
men running shoes,Samsung men running shoes Model 400,49074.0,,3.4,3514,Reliance Digital,,2 Days,,,,csv,False,,49074.0,Samsung,,,"1,000+",3-3.99
air fryer india,Sony air fryer India Model 728,40235.0,,4.9,1832,Croma,,Free Delivery,,,,csv,False,,40235.0,Sony,,,"1,000+",4.5-5
office chair ergonomic,Boat office chair ergonomic Model 324,383160.0,,4.1,3258,Amazon,,Free Delivery,,,,csv,False,,455330.0,Boat,,,"1,000+",4-4.49
microwave oven convection,Puma microwave oven convection Model 672,32574.0,,,4159,Reliance Digital,,2 Days,,,,csv,False,,32574.0,Puma,,,"1,000+",Unknown
office chair ergonomic,LG office chair ergonomic Model 906,47981.0,,,4032,Flipkart,,5 Days,,,,csv,False,,47981.0,LG,,,"1,000+",Unknown
air fryer india,Nike air fryer India Model 478,18795.0,,4.7,4940,Reliance Digital,,Free Delivery,,,,csv,False,,18795.0,Nike,,,"1,000+",4.5-5
office chair ergonomic,Puma office chair ergonomic Model 268,19653.0,,,2571,Amazon,,5 Days,,,,csv,False,,19653.0,Puma,,,"1,000+",Unknown
microwave oven convection,Philips microwave oven convection Model 749,12002.0,,4.2,1195,Flipkart,,2 Days,,,,csv,False,,12002.0,Philips,,,"1,000+",4-4.49
microwave oven convection,Puma microwave oven convection Model 481,35873.0,,3.1,4742,Amazon,,5 Days,,,,csv,False,,35873.0,Puma,,,"1,000+",3-3.99
power bank fast charging,LG power bank fast charging Model 622,13442.0,,4.9,2243,Amazon,,5 Days,,,,csv,False,,13442.0,LG,,,"1,000+",4.5-5
microwave oven convection,LG microwave oven convection Model 140,48117.0,,2.7,1141,Flipkart,,5 Days,,,,csv,False,,48117.0,LG,,,"1,000+",Under 3
air fryer india,Philips air fryer India Model 646,11773.0,,4.6,2746,Croma,,Free Delivery,,,,csv,False,,11773.0,Philips,,,"1,000+",4.5-5
office chair ergonomic,Puma office chair ergonomic Model 799,7517.0,,3.7,2856,Croma,,2 Days,,,,csv,False,,7517.0,Puma,,,"1,000+",3-3.99
power bank fast charging,Sony power bank fast charging Model 905,21605.0,,3.2,4282,Flipkart,,5 Days,,,,csv,False,,21605.0,Sony,,,"1,000+",3-3.99
men running shoes,LG men running shoes Model 336,10645.0,,2.6,1588,Amazon,,2 Days,,,,csv,False,,10645.0,LG,,,"1,000+",Under 3
microwave oven convection,HP microwave oven convection Model 797,24180.5,,4.1,3378,Amazon,,Free Delivery,,,,csv,True,,24180.5,HP,,,"1,000+",4-4.49
office chair ergonomic,Sony office chair ergonomic Model 805,33876.0,,4.2,4729,Flipkart,,2 Days,,,,csv,False,,33876.0,Sony,,,"1,000+",4-4.49
air fryer india,Sony air fryer India Model 387,24365.0,,3.4,3668,Flipkart,,2 Days,,,,csv,True,,24365.0,Sony,,,"1,000+",3-3.99
microwave oven convection,LG microwave oven convection Model 265,36060.0,,2.7,1104,Amazon,,Free Delivery,,,,csv,False,,36060.0,LG,,,"1,000+",Under 3
men running shoes,Boat men running shoes Model 103,11594.0,,3.9,3659,Amazon,,5 Days,,,,csv,False,,11594.0,Boat,,,"1,000+",3-3.99
microwave oven convection,LG microwave oven convection Model 421,1377.0,,5.0,1203,Reliance Digital,,Free Delivery,,,,csv,False,,1377.0,LG,,,"1,000+",4.5-5
power bank fast charging,Sony power bank fast charging Model 720,8143.0,,5.0,1895,Amazon,,2 Days,,,,csv,False,,8143.0,Sony,,,"1,000+",4.5-5
power bank fast charging,HP power bank fast charging Model 730,8200.0,,2.7,633,Flipkart,,5 Days,,,,csv,False,,8200.0,HP,,,"1,000+",Under 3
microwave oven convection,Boat microwave oven convection Model 912,14301.0,,3.4,3397,Croma,,5 Days,,,,csv,False,,14301.0,Boat,,,"1,000+",3-3.99
air fryer india,Philips air fryer India Model 480,48641.0,,3.4,436,Flipkart,,Free Delivery,,,,csv,False,,48641.0,Philips,,,"1,000+",3-3.99
office chair ergonomic,Samsung office chair ergonomic Model 401,17691.0,,4.1,4739,Flipkart,,2 Days,,,,csv,False,,17691.0,Samsung,,,"1,000+",4-4.49
air fryer india,HP air fryer India Model 467,24241.0,,3.6,2577,Croma,,5 Days,,,,csv,False,,24241.0,HP,,,"1,000+",3-3.99
microwave oven convection,Philips microwave oven convection Model 811,40899.0,,3.1,4061,Croma,,5 Days,,,,csv,False,,40899.0,Philips,,,"1,000+",3-3.99
office chair ergonomic,HP office chair ergonomic Model 686,40569.0,,4.9,2457,Amazon,,2 Days,,,,csv,False,,40569.0,HP,,,"1,000+",4.5-5
men running shoes,Samsung men running shoes Model 708,44224.0,,,4643,Reliance Digital,,Free Delivery,,,,csv,False,,44224.0,Samsung,,,"1,000+",Unknown
air fryer india,Sony air fryer India Model 785,24365.0,,2.8,460,Amazon,,Free Delivery,,,,csv,True,,24365.0,Sony,,,"1,000+",Under 3
microwave oven convection,Dell microwave oven convection Model 732,22414.0,,4.5,4065,Flipkart,,2 Days,,,,csv,False,,22414.0,Dell,,,"1,000+",4.5-5
air fryer india,Philips air fryer India Model 717,21851.0,,4.4,1283,Reliance Digital,,2 Days,,,,csv,False,,21851.0,Philips,,,"1,000+",4-4.49
air fryer india,Philips air fryer India Model 486,32783.0,,3.0,3444,Reliance Digital,,Free Delivery,,,,csv,False,,32783.0,Philips,,,"1,000+",3-3.99
men running shoes,Samsung men running shoes Model 420,25585.0,,4.4,382,Reliance Digital,,Free Delivery,,,,csv,False,,25585.0,Samsung,,,"1,000+",4-4.49
men running shoes,HP men running shoes Model 244,27366.0,,4.7,171,Amazon,,5 Days,,,,csv,False,,27366.0,HP,,,"1,000+",4.5-5
office chair ergonomic,Samsung office chair ergonomic Model 268,25335.0,,3.8,1147,Reliance Digital,,Free Delivery,,,,csv,True,,25335.0,Samsung,,,"1,000+",3-3.99
men running shoes,Boat men running shoes Model 359,22398.0,,3.6,4967,Croma,,2 Days,,,,csv,True,,22398.0,Boat,,,"1,000+",3-3.99
office chair ergonomic,Sony office chair ergonomic Model 515,28389.0,,4.6,685,Croma,,Free Delivery,,,,csv,False,,28389.0,Sony,,,"1,000+",4.5-5
office chair ergonomic,Philips office chair ergonomic Model 257,17699.0,,2.6,1407,Flipkart,,Free Delivery,,,,csv,False,,17699.0,Philips,,,"1,000+",Under 3
microwave oven convection,Dell microwave oven convection Model 900,36248.0,,2.9,3267,Flipkart,,Free Delivery,,,,csv,False,,36248.0,Dell,,,"1,000+",Under 3
men running shoes,Dell men running shoes Model 531,7064.0,,4.9,2725,Reliance Digital,,2 Days,,,,csv,False,,7064.0,Dell,,,"1,000+",4.5-5
men running shoes,HP men running shoes Model 526,45586.0,,3.7,483,Reliance Digital,,2 Days,,,,csv,False,,45586.0,HP,,,"1,000+",3-3.99
men running shoes,Nike men running shoes Model 884,22398.0,,4.0,1629,Flipkart,,2 Days,,,,csv,True,,22398.0,Nike,,,"1,000+",4-4.49
men running shoes,Sony men running shoes Model 823,22398.0,,,3112,Flipkart,,Free Delivery,,,,csv,True,,22398.0,Sony,,,"1,000+",Unknown
men running shoes,Puma men running shoes Model 666,23630.0,,3.4,982,Flipkart,,5 Days,,,,csv,False,,23630.0,Puma,,,"1,000+",3-3.99
air fryer india,Sony air fryer India Model 991,7436.0,,4.9,1081,Flipkart,,Free Delivery,,,,csv,False,,7436.0,Sony,,,"1,000+",4.5-5
power bank fast charging,Boat power bank fast charging Model 457,18723.0,,,3760,Amazon,,2 Days,,,,csv,False,,18723.0,Boat,,,"1,000+",Unknown
men running shoes,Nike men running shoes Model 985,5261.0,,4.0,947,Reliance Digital,,2 Days,,,,csv,False,,5261.0,Nike,,,"1,000+",4-4.49
office chair ergonomic,Philips office chair ergonomic Model 290,12568.0,,3.3,1037,Amazon,,Free Delivery,,,,csv,False,,12568.0,Philips,,,"1,000+",3-3.99
office chair ergonomic,Samsung office chair ergonomic Model 945,25335.0,,3.0,3165,Amazon,,Free Delivery,,,,csv,True,,25335.0,Samsung,,,"1,000+",3-3.99
power bank fast charging,Boat power bank fast charging Model 929,27396.0,,2.7,1299,Flipkart,,2 Days,,,,csv,True,,27396.0,Boat,,,"1,000+",Under 3
microwave oven convection,HP microwave oven convection Model 705,21357.0,,4.3,1751,Amazon,,2 Days,,,,csv,False,,21357.0,HP,,,"1,000+",4-4.49
microwave oven convection,LG microwave oven convection Model 704,24180.5,,2.6,4942,Flipkart,,Free Delivery,,,,csv,True,,24180.5,LG,,,"1,000+",Under 3
men running shoes,Samsung men running shoes Model 751,49670.0,,4.6,900,Reliance Digital,,2 Days,,,,csv,False,,49670.0,Samsung,,,"1,000+",4.5-5
men running shoes,LG men running shoes Model 786,22398.0,,3.1,3910,Croma,,2 Days,,,,csv,True,,22398.0,LG,,,"1,000+",3-3.99
office chair ergonomic,Dell office chair ergonomic Model 101,25335.0,,3.0,3442,Reliance Digital,,2 Days,,,,csv,True,,25335.0,Dell,,,"1,000+",3-3.99
air fryer india,Dell air fryer India Model 609,24365.0,,,862,Reliance Digital,,2 Days,,,,csv,True,,24365.0,Dell,,,"1,000+",Unknown
microwave oven convection,LG microwave oven convection Model 443,11089.0,,4.4,3882,Amazon,,2 Days,,,,csv,False,,11089.0,LG,,,"1,000+",4-4.49
microwave oven convection,Dell microwave oven convection Model 722,25560.0,,4.3,844,Reliance Digital,,Free Delivery,,,,csv,False,,25560.0,Dell,,,"1,000+",4-4.49
men running shoes,Philips men running shoes Model 308,42168.0,,3.6,667,Reliance Digital,,5 Days,,,,csv,False,,42168.0,Philips,,,"1,000+",3-3.99
men running shoes,Philips men running shoes Model 169,45637.0,,3.1,3481,Amazon,,5 Days,,,,csv,False,,45637.0,Philips,,,"1,000+",3-3.99
office chair ergonomic,HP office chair ergonomic Model 913,15034.0,,3.3,3503,Reliance Digital,,5 Days,,,,csv,False,,15034.0,HP,,,"1,000+",3-3.99
office chair ergonomic,Philips office chair ergonomic Model 989,8904.0,,3.0,3739,Amazon,,2 Days,,,,csv,False,,8904.0,Philips,,,"1,000+",3-3.99
office chair ergonomic,Puma office chair ergonomic Model 321,44831.0,,4.3,4897,Flipkart,,Free Delivery,,,,csv,False,,44831.0,Puma,,,"1,000+",4-4.49
power bank fast charging,HP power bank fast charging Model 100,9092.0,,3.8,811,Croma,,Free Delivery,,,,csv,False,,9092.0,HP,,,"1,000+",3-3.99
power bank fast charging,HP power bank fast charging Model 956,49324.0,,4.9,4798,Amazon,,5 Days,,,,csv,False,,49324.0,HP,,,"1,000+",4.5-5
office chair ergonomic,HP office chair ergonomic Model 726,49015.0,,2.9,3373,Reliance Digital,,5 Days,,,,csv,False,,49015.0,HP,,,"1,000+",Under 3
microwave oven convection,Samsung microwave oven convection Model 999,12362.0,,3.6,3512,Croma,,5 Days,,,,csv,False,,12362.0,Samsung,,,"1,000+",3-3.99
men running shoes,Dell men running shoes Model 938,18469.0,,,3920,Amazon,,5 Days,,,,csv,False,,18469.0,Dell,,,"1,000+",Unknown
men running shoes,Boat men running shoes Model 821,11806.0,,3.7,3346,Amazon,,2 Days,,,,csv,False,,11806.0,Boat,,,"1,000+",3-3.99
microwave oven convection,Sony microwave oven convection Model 983,9278.0,,3.2,937,Amazon,,Free Delivery,,,,csv,False,,9278.0,Sony,,,"1,000+",3-3.99
power bank fast charging,Samsung power bank fast charging Model 567,2958.0,,4.1,4103,Croma,,2 Days,,,,csv,False,,2958.0,Samsung,,,"1,000+",4-4.49
office chair ergonomic,HP office chair ergonomic Model 586,3054.0,,,2790,Reliance Digital,,2 Days,,,,csv,False,,3054.0,HP,,,"1,000+",Unknown
men running shoes,LG men running shoes Model 131,43158.0,,4.2,184,Flipkart,,2 Days,,,,csv,False,,43158.0,LG,,,"1,000+",4-4.49
power bank fast charging,Samsung power bank fast charging Model 205,86400.0,,,2729,Flipkart,,5 Days,,,,csv,False,,86400.0,Samsung,,,"1,000+",Unknown
microwave oven convection,LG microwave oven convection Model 469,23503.0,,3.7,712,Reliance Digital,,2 Days,,,,csv,False,,23503.0,LG,,,"1,000+",3-3.99
power bank fast charging,Puma power bank fast charging Model 586,7191.0,,3.9,1373,Croma,,2 Days,,,,csv,False,,7191.0,Puma,,,"1,000+",3-3.99
men running shoes,Nike men running shoes Model 359,14330.0,,3.9,4643,Amazon,,Free Delivery,,,,csv,False,,14330.0,Nike,,,"1,000+",3-3.99
air fryer india,Boat air fryer India Model 311,36987.0,,4.2,1543,Amazon,,Free Delivery,,,,csv,False,,36987.0,Boat,,,"1,000+",4-4.49
air fryer india,HP air fryer India Model 211,39993.0,,,149,Amazon,,Free Delivery,,,,csv,False,,39993.0,HP,,,"1,000+",Unknown
men running shoes,Puma men running shoes Model 305,49243.0,,3.5,515,Croma,,2 Days,,,,csv,False,,49243.0,Puma,,,"1,000+",3-3.99
microwave oven convection,Boat microwave oven convection Model 453,44884.0,,4.0,122,Flipkart,,Free Delivery,,,,csv,False,,44884.0,Boat,,,"1,000+",4-4.49
microwave oven convection,HP microwave oven convection Model 472,42957.0,,3.2,3026,Croma,,5 Days,,,,csv,False,,42957.0,HP,,,"1,000+",3-3.99
microwave oven convection,Dell microwave oven convection Model 838,383160.0,,2.8,2066,Reliance Digital,,5 Days,,,,csv,False,,383970.0,Dell,,,"1,000+",Under 3
power bank fast charging,Sony power bank fast charging Model 509,38591.0,,2.7,969,Reliance Digital,,5 Days,,,,csv,False,,38591.0,Sony,,,"1,000+",Under 3
microwave oven convection,Sony microwave oven convection Model 848,9020.0,,3.0,1410,Amazon,,2 Days,,,,csv,False,,9020.0,Sony,,,"1,000+",3-3.99
power bank fast charging,Philips power bank fast charging Model 190,38421.0,,,234,Flipkart,,Free Delivery,,,,csv,False,,38421.0,Philips,,,"1,000+",Unknown
men running shoes,LG men running shoes Model 449,15824.0,,2.9,2382,Reliance Digital,,2 Days,,,,csv,False,,15824.0,LG,,,"1,000+",Under 3
office chair ergonomic,Philips office chair ergonomic Model 887,9713.0,,3.7,3026,Flipkart,,2 Days,,,,csv,False,,9713.0,Philips,,,"1,000+",3-3.99
men running shoes,Nike men running shoes Model 850,38043.0,,3.3,2625,Flipkart,,2 Days,,,,csv,False,,38043.0,Nike,,,"1,000+",3-3.99
office chair ergonomic,Nike office chair ergonomic Model 830,22701.0,,4.6,868,Amazon,,Free Delivery,,,,csv,False,,22701.0,Nike,,,"1,000+",4.5-5
men running shoes,Samsung men running shoes Model 677,31281.0,,3.2,1859,Amazon,,5 Days,,,,csv,False,,31281.0,Samsung,,,"1,000+",3-3.99
microwave oven convection,Samsung microwave oven convection Model 830,39906.0,,3.7,2247,Reliance Digital,,Free Delivery,,,,csv,False,,39906.0,Samsung,,,"1,000+",3-3.99
power bank fast charging,Nike power bank fast charging Model 406,383160.0,,,3636,Reliance Digital,,Free Delivery,,,,csv,False,,436130.0,Nike,,,"1,000+",Unknown
air fryer india,Puma air fryer India Model 297,15008.0,,4.6,3256,Croma,,5 Days,,,,csv,False,,15008.0,Puma,,,"1,000+",4.5-5
microwave oven convection,Philips microwave oven convection Model 423,15450.0,,3.5,2281,Croma,,2 Days,,,,csv,False,,15450.0,Philips,,,"1,000+",3-3.99
power bank fast charging,Dell power bank fast charging Model 417,27396.0,,3.5,1552,Flipkart,,Free Delivery,,,,csv,True,,27396.0,Dell,,,"1,000+",3-3.99
office chair ergonomic,Dell office chair ergonomic Model 787,40869.0,,3.4,141,Reliance Digital,,5 Days,,,,csv,False,,40869.0,Dell,,,"1,000+",3-3.99
power bank fast charging,Philips power bank fast charging Model 149,4795.0,,4.1,942,Croma,,2 Days,,,,csv,False,,4795.0,Philips,,,"1,000+",4-4.49
power bank fast charging,Philips power bank fast charging Model 528,27396.0,,2.6,3719,Amazon,,5 Days,,,,csv,True,,27396.0,Philips,,,"1,000+",Under 3
men running shoes,Nike men running shoes Model 733,71900.0,,4.1,4924,Flipkart,,Free Delivery,,,,csv,False,,71900.0,Nike,,,"1,000+",4-4.49
power bank fast charging,Sony power bank fast charging Model 747,29596.0,,4.3,934,Reliance Digital,,2 Days,,,,csv,False,,29596.0,Sony,,,"1,000+",4-4.49
microwave oven convection,Sony microwave oven convection Model 408,41193.0,,,2034,Amazon,,2 Days,,,,csv,False,,41193.0,Sony,,,"1,000+",Unknown
power bank fast charging,Nike power bank fast charging Model 824,27396.0,,4.1,3827,Croma,,Free Delivery,,,,csv,True,,27396.0,Nike,,,"1,000+",4-4.49
microwave oven convection,Samsung microwave oven convection Model 326,2525.0,,,3415,Croma,,5 Days,,,,csv,False,,2525.0,Samsung,,,"1,000+",Unknown
men running shoes,Samsung men running shoes Model 836,712.0,,4.6,819,Flipkart,,2 Days,,,,csv,False,,712.0,Samsung,,,500-999.99,4.5-5
power bank fast charging,HP power bank fast charging Model 709,24141.0,,3.2,2688,Croma,,2 Days,,,,csv,False,,24141.0,HP,,,"1,000+",3-3.99
microwave oven convection,Puma microwave oven convection Model 523,44457.0,,4.5,760,Croma,,2 Days,,,,csv,False,,44457.0,Puma,,,"1,000+",4.5-5
power bank fast charging,Sony power bank fast charging Model 711,10504.0,,3.5,3408,Croma,,Free Delivery,,,,csv,False,,10504.0,Sony,,,"1,000+",3-3.99
microwave oven convection,Sony microwave oven convection Model 360,42530.0,,3.4,4316,Flipkart,,2 Days,,,,csv,False,,42530.0,Sony,,,"1,000+",3-3.99
men running shoes,Puma men running shoes Model 511,19924.0,,4.5,902,Flipkart,,2 Days,,,,csv,False,,19924.0,Puma,,,"1,000+",4.5-5
microwave oven convection,Samsung microwave oven convection Model 533,6933.0,,3.8,4407,Croma,,5 Days,,,,csv,False,,6933.0,Samsung,,,"1,000+",3-3.99
office chair ergonomic,Samsung office chair ergonomic Model 192,20680.0,,2.8,934,Amazon,,2 Days,,,,csv,False,,20680.0,Samsung,,,"1,000+",Under 3
men running shoes,Dell men running shoes Model 277,10071.0,,4.9,4560,Croma,,5 Days,,,,csv,False,,10071.0,Dell,,,"1,000+",4.5-5
power bank fast charging,Samsung power bank fast charging Model 321,34057.0,,4.5,3652,Amazon,,5 Days,,,,csv,False,,34057.0,Samsung,,,"1,000+",4.5-5
air fryer india,Sony air fryer India Model 833,15593.0,,3.1,4956,Croma,,5 Days,,,,csv,False,,15593.0,Sony,,,"1,000+",3-3.99
air fryer india,LG air fryer India Model 739,21483.0,,4.4,1545,Flipkart,,Free Delivery,,,,csv,False,,21483.0,LG,,,"1,000+",4-4.49
air fryer india,Dell air fryer India Model 150,5659.0,,4.2,270,Amazon,,5 Days,,,,csv,False,,5659.0,Dell,,,"1,000+",4-4.49
air fryer india,Nike air fryer India Model 258,17028.0,,3.0,3583,Flipkart,,5 Days,,,,csv,False,,17028.0,Nike,,,"1,000+",3-3.99
office chair ergonomic,Sony office chair ergonomic Model 546,11042.0,,3.0,571,Flipkart,,Free Delivery,,,,csv,False,,11042.0,Sony,,,"1,000+",3-3.99
microwave oven convection,HP microwave oven convection Model 690,47857.0,,3.3,4944,Amazon,,Free Delivery,,,,csv,False,,47857.0,HP,,,"1,000+",3-3.99
air fryer india,Boat air fryer India Model 361,24365.0,,3.0,3322,Flipkart,,5 Days,,,,csv,True,,24365.0,Boat,,,"1,000+",3-3.99
power bank fast charging,Philips power bank fast charging Model 708,12594.0,,4.1,4687,Reliance Digital,,Free Delivery,,,,csv,False,,12594.0,Philips,,,"1,000+",4-4.49
office chair ergonomic,Boat office chair ergonomic Model 303,9335.0,,,844,Reliance Digital,,Free Delivery,,,,csv,False,,9335.0,Boat,,,"1,000+",Unknown
air fryer india,HP air fryer India Model 426,24365.0,,3.2,1962,Amazon,,2 Days,,,,csv,True,,24365.0,HP,,,"1,000+",3-3.99
office chair ergonomic,Nike office chair ergonomic Model 994,33453.0,,4.3,1126,Reliance Digital,,Free Delivery,,,,csv,False,,33453.0,Nike,,,"1,000+",4-4.49
air fryer india,Samsung air fryer India Model 440,18612.0,,2.6,3055,Croma,,5 Days,,,,csv,False,,18612.0,Samsung,,,"1,000+",Under 3
office chair ergonomic,LG office chair ergonomic Model 874,35478.0,,4.9,3461,Amazon,,5 Days,,,,csv,False,,35478.0,LG,,,"1,000+",4.5-5
air fryer india,LG air fryer India Model 428,8757.0,,4.9,2023,Croma,,Free Delivery,,,,csv,False,,8757.0,LG,,,"1,000+",4.5-5
men running shoes,Boat men running shoes Model 882,29336.0,,2.8,199,Flipkart,,5 Days,,,,csv,False,,29336.0,Boat,,,"1,000+",Under 3
office chair ergonomic,Samsung office chair ergonomic Model 854,25335.0,,,4401,Reliance Digital,,5 Days,,,,csv,True,,25335.0,Samsung,,,"1,000+",Unknown
microwave oven convection,HP microwave oven convection Model 721,38318.0,,3.8,2831,Reliance Digital,,5 Days,,,,csv,False,,38318.0,HP,,,"1,000+",3-3.99
power bank fast charging,Nike power bank fast charging Model 593,27396.0,,,1615,Amazon,,Free Delivery,,,,csv,True,,27396.0,Nike,,,"1,000+",Unknown
power bank fast charging,Puma power bank fast charging Model 333,7947.0,,3.3,3734,Croma,,5 Days,,,,csv,False,,7947.0,Puma,,,"1,000+",3-3.99
power bank fast charging,Nike power bank fast charging Model 373,49953.0,,4.9,2218,Flipkart,,Free Delivery,,,,csv,False,,49953.0,Nike,,,"1,000+",4.5-5
office chair ergonomic,LG office chair ergonomic Model 643,25335.0,,3.3,3552,Reliance Digital,,5 Days,,,,csv,True,,25335.0,LG,,,"1,000+",3-3.99
power bank fast charging,Sony power bank fast charging Model 300,9342.0,,,3843,Croma,,2 Days,,,,csv,False,,9342.0,Sony,,,"1,000+",Unknown
air fryer india,HP air fryer India Model 869,38110.0,,4.6,4859,Flipkart,,2 Days,,,,csv,False,,38110.0,HP,,,"1,000+",4.5-5
microwave oven convection,Dell microwave oven convection Model 140,36301.0,,,2443,Amazon,,5 Days,,,,csv,False,,36301.0,Dell,,,"1,000+",Unknown
power bank fast charging,Sony power bank fast charging Model 678,44668.0,,3.2,2300,Flipkart,,5 Days,,,,csv,False,,44668.0,Sony,,,"1,000+",3-3.99
microwave oven convection,Sony microwave oven convection Model 705,10551.0,,3.0,1713,Croma,,Free Delivery,,,,csv,False,,10551.0,Sony,,,"1,000+",3-3.99
men running shoes,Dell men running shoes Model 628,383160.0,,4.6,4015,Croma,,5 Days,,,,csv,False,,390740.0,Dell,,,"1,000+",4.5-5
men running shoes,Nike men running shoes Model 571,10750.0,,4.4,586,Croma,,2 Days,,,,csv,False,,10750.0,Nike,,,"1,000+",4-4.49
men running shoes,Sony men running shoes Model 922,29370.0,,4.6,1501,Amazon,,Free Delivery,,,,csv,False,,29370.0,Sony,,,"1,000+",4.5-5
air fryer india,LG air fryer India Model 691,43902.0,,4.8,2395,Croma,,5 Days,,,,csv,False,,43902.0,LG,,,"1,000+",4.5-5
air fryer india,Puma air fryer India Model 696,8987.0,,4.8,2999,Reliance Digital,,Free Delivery,,,,csv,False,,8987.0,Puma,,,"1,000+",4.5-5
office chair ergonomic,Philips office chair ergonomic Model 733,2022.0,,3.7,,Flipkart,,2 Days,,,,csv,False,,2022.0,Philips,,,"1,000+",3-3.99
men running shoes,Boat men running shoes Model 961,3146.0,,2.9,521,Amazon,,Free Delivery,,,,csv,False,,3146.0,Boat,,,"1,000+",Under 3
air fryer india,HP air fryer India Model 627,22353.0,,4.0,4304,Flipkart,,2 Days,,,,csv,False,,22353.0,HP,,,"1,000+",4-4.49
air fryer india,LG air fryer India Model 628,41688.0,,3.0,987,Reliance Digital,,Free Delivery,,,,csv,False,,41688.0,LG,,,"1,000+",3-3.99
power bank fast charging,Boat power bank fast charging Model 932,15951.0,,4.9,3521,Reliance Digital,,2 Days,,,,csv,False,,15951.0,Boat,,,"1,000+",4.5-5
microwave oven convection,Dell microwave oven convection Model 915,17906.0,,4.2,1947,Amazon,,2 Days,,,,csv,False,,17906.0,Dell,,,"1,000+",4-4.49
power bank fast charging,Puma power bank fast charging Model 122,27396.0,,4.7,3770,Croma,,2 Days,,,,csv,True,,27396.0,Puma,,,"1,000+",4.5-5
office chair ergonomic,HP office chair ergonomic Model 117,19227.0,,4.4,3149,Reliance Digital,,2 Days,,,,csv,False,,19227.0,HP,,,"1,000+",4-4.49
air fryer india,Nike air fryer India Model 240,45088.0,,4.2,3926,Amazon,,2 Days,,,,csv,False,,45088.0,Nike,,,"1,000+",4-4.49
air fryer india,HP air fryer India Model 114,15280.0,,4.2,4970,Reliance Digital,,5 Days,,,,csv,False,,15280.0,HP,,,"1,000+",4-4.49
power bank fast charging,HP power bank fast charging Model 526,20759.0,,4.2,1884,Amazon,,5 Days,,,,csv,False,,20759.0,HP,,,"1,000+",4-4.49
microwave oven convection,Dell microwave oven convection Model 367,32317.0,,3.6,434,Amazon,,Free Delivery,,,,csv,False,,32317.0,Dell,,,"1,000+",3-3.99
air fryer india,HP air fryer India Model 618,9220.0,,2.9,326,Croma,,Free Delivery,,,,csv,False,,9220.0,HP,,,"1,000+",Under 3
microwave oven convection,Boat microwave oven convection Model 424,383160.0,,4.9,858,Amazon,,2 Days,,,,csv,False,,482890.0,Boat,,,"1,000+",4.5-5
microwave oven convection,LG microwave oven convection Model 603,49245.0,,4.3,1944,Croma,,2 Days,,,,csv,False,,49245.0,LG,,,"1,000+",4-4.49
microwave oven convection,HP microwave oven convection Model 129,30496.0,,,4979,Amazon,,5 Days,,,,csv,False,,30496.0,HP,,,"1,000+",Unknown
office chair ergonomic,Nike office chair ergonomic Model 106,8923.0,,4.6,2822,Flipkart,,5 Days,,,,csv,False,,8923.0,Nike,,,"1,000+",4.5-5
air fryer india,LG air fryer India Model 774,17078.0,,3.2,2604,Croma,,5 Days,,,,csv,False,,17078.0,LG,,,"1,000+",3-3.99
power bank fast charging,Dell power bank fast charging Model 852,27435.0,,4.3,1773,Amazon,,Free Delivery,,,,csv,False,,27435.0,Dell,,,"1,000+",4-4.49
air fryer india,Samsung air fryer India Model 721,24365.0,,,4645,Reliance Digital,,5 Days,,,,csv,True,,24365.0,Samsung,,,"1,000+",Unknown
air fryer india,LG air fryer India Model 285,35864.0,,4.1,4369,Amazon,,Free Delivery,,,,csv,False,,35864.0,LG,,,"1,000+",4-4.49
air fryer india,HP air fryer India Model 314,24365.0,,4.3,2352,Amazon,,Free Delivery,,,,csv,True,,24365.0,HP,,,"1,000+",4-4.49
microwave oven convection,Boat microwave oven convection Model 227,48663.0,,,4019,Flipkart,,Free Delivery,,,,csv,False,,48663.0,Boat,,,"1,000+",Unknown
office chair ergonomic,Philips office chair ergonomic Model 723,45041.0,,2.6,3099,Reliance Digital,,5 Days,,,,csv,False,,45041.0,Philips,,,"1,000+",Under 3
men running shoes,HP men running shoes Model 425,1105.0,,,69,Amazon,,5 Days,,,,csv,False,,1105.0,HP,,,"1,000+",Unknown
power bank fast charging,Boat power bank fast charging Model 924,33465.0,,3.0,939,Amazon,,5 Days,,,,csv,False,,33465.0,Boat,,,"1,000+",3-3.99
office chair ergonomic,Sony office chair ergonomic Model 865,17134.0,,3.5,2274,Amazon,,Free Delivery,,,,csv,False,,17134.0,Sony,,,"1,000+",3-3.99
power bank fast charging,Puma power bank fast charging Model 422,20958.0,,3.3,427,Amazon,,5 Days,,,,csv,False,,20958.0,Puma,,,"1,000+",3-3.99
men running shoes,Sony men running shoes Model 146,17182.0,,3.5,500,Amazon,,Free Delivery,,,,csv,False,,17182.0,Sony,,,"1,000+",3-3.99
air fryer india,Dell air fryer India Model 222,46717.0,,4.4,4987,Amazon,,2 Days,,,,csv,False,,46717.0,Dell,,,"1,000+",4-4.49
air fryer india,Samsung air fryer India Model 964,40114.0,,4.5,2842,Croma,,5 Days,,,,csv,False,,40114.0,Samsung,,,"1,000+",4.5-5
men running shoes,Samsung men running shoes Model 589,2849.0,,2.7,4466,Amazon,,2 Days,,,,csv,False,,2849.0,Samsung,,,"1,000+",Under 3
air fryer india,Nike air fryer India Model 172,28087.0,,4.2,2788,Croma,,Free Delivery,,,,csv,False,,28087.0,Nike,,,"1,000+",4-4.49
microwave oven convection,Nike microwave oven convection Model 875,24180.5,,2.7,221,Croma,,Free Delivery,,,,csv,True,,24180.5,Nike,,,"1,000+",Under 3
microwave oven convection,HP microwave oven convection Model 749,11799.0,,,2729,Croma,,2 Days,,,,csv,False,,11799.0,HP,,,"1,000+",Unknown
microwave oven convection,Puma microwave oven convection Model 258,36850.0,,4.9,1104,Reliance Digital,,Free Delivery,,,,csv,False,,36850.0,Puma,,,"1,000+",4.5-5
men running shoes,HP men running shoes Model 608,22065.0,,4.9,2727,Amazon,,Free Delivery,,,,csv,False,,22065.0,HP,,,"1,000+",4.5-5
power bank fast charging,Puma power bank fast charging Model 468,43895.0,,4.0,4829,Croma,,5 Days,,,,csv,False,,43895.0,Puma,,,"1,000+",4-4.49
office chair ergonomic,Dell office chair ergonomic Model 627,25413.0,,4.4,1324,Flipkart,,5 Days,,,,csv,False,,25413.0,Dell,,,"1,000+",4-4.49
office chair ergonomic,Dell office chair ergonomic Model 330,35292.0,,2.7,4225,Reliance Digital,,2 Days,,,,csv,False,,35292.0,Dell,,,"1,000+",Under 3
men running shoes,Philips men running shoes Model 659,7470.0,,3.5,3046,Croma,,2 Days,,,,csv,False,,7470.0,Philips,,,"1,000+",3-3.99
power bank fast charging,Dell power bank fast charging Model 883,34235.0,,2.7,200,Reliance Digital,,Free Delivery,,,,csv,False,,34235.0,Dell,,,"1,000+",Under 3
office chair ergonomic,HP office chair ergonomic Model 873,43509.0,,,4035,Reliance Digital,,2 Days,,,,csv,False,,43509.0,HP,,,"1,000+",Unknown
men running shoes,Samsung men running shoes Model 200,13528.0,,3.3,2011,Flipkart,,Free Delivery,,,,csv,False,,13528.0,Samsung,,,"1,000+",3-3.99
office chair ergonomic,Puma office chair ergonomic Model 753,1131.0,,3.9,4694,Reliance Digital,,2 Days,,,,csv,False,,1131.0,Puma,,,"1,000+",3-3.99
men running shoes,HP men running shoes Model 563,42681.0,,3.5,3907,Flipkart,,5 Days,,,,csv,False,,42681.0,HP,,,"1,000+",3-3.99
air fryer india,Dell air fryer India Model 284,44863.0,,4.8,4625,Flipkart,,Free Delivery,,,,csv,False,,44863.0,Dell,,,"1,000+",4.5-5
air fryer india,LG air fryer India Model 400,36846.0,,4.5,1363,Croma,,2 Days,,,,csv,False,,36846.0,LG,,,"1,000+",4.5-5
men running shoes,LG men running shoes Model 614,1680.0,,2.7,4120,Reliance Digital,,Free Delivery,,,,csv,False,,1680.0,LG,,,"1,000+",Under 3
office chair ergonomic,Boat office chair ergonomic Model 922,11394.0,,3.7,,Reliance Digital,,5 Days,,,,csv,False,,11394.0,Boat,,,"1,000+",3-3.99
microwave oven convection,Boat microwave oven convection Model 757,24180.5,,4.1,3765,Amazon,,5 Days,,,,csv,True,,24180.5,Boat,,,"1,000+",4-4.49
men running shoes,Boat men running shoes Model 296,10726.0,,,3096,Flipkart,,Free Delivery,,,,csv,False,,10726.0,Boat,,,"1,000+",Unknown
men running shoes,Dell men running shoes Model 338,22398.0,,4.8,541,Reliance Digital,,5 Days,,,,csv,True,,22398.0,Dell,,,"1,000+",4.5-5
power bank fast charging,Philips power bank fast charging Model 166,43776.0,,3.3,3844,Croma,,5 Days,,,,csv,False,,43776.0,Philips,,,"1,000+",3-3.99
air fryer india,Puma air fryer India Model 883,103500.0,,4.3,4194,Amazon,,5 Days,,,,csv,False,,103500.0,Puma,,,"1,000+",4-4.49
men running shoes,Sony men running shoes Model 835,5646.0,,4.2,3419,Amazon,,5 Days,,,,csv,False,,5646.0,Sony,,,"1,000+",4-4.49
power bank fast charging,Boat power bank fast charging Model 483,26374.0,,4.4,2145,Flipkart,,2 Days,,,,csv,False,,26374.0,Boat,,,"1,000+",4-4.49
microwave oven convection,Boat microwave oven convection Model 957,23854.0,,4.8,3087,Flipkart,,5 Days,,,,csv,False,,23854.0,Boat,,,"1,000+",4.5-5
men running shoes,Puma men running shoes Model 709,22398.0,,2.6,4933,Amazon,,5 Days,,,,csv,True,,22398.0,Puma,,,"1,000+",Under 3
power bank fast charging,Boat power bank fast charging Model 651,11700.0,,4.4,1813,Reliance Digital,,2 Days,,,,csv,False,,11700.0,Boat,,,"1,000+",4-4.49
air fryer india,HP air fryer India Model 603,46330.0,,4.4,1403,Amazon,,5 Days,,,,csv,False,,46330.0,HP,,,"1,000+",4-4.49
air fryer india,Dell air fryer India Model 962,33577.0,,2.9,991,Amazon,,Free Delivery,,,,csv,False,,33577.0,Dell,,,"1,000+",Under 3
air fryer india,Puma air fryer India Model 736,24365.0,,3.5,2305,Croma,,2 Days,,,,csv,True,,24365.0,Puma,,,"1,000+",3-3.99
microwave oven convection,Boat microwave oven convection Model 128,20084.0,,,2575,Amazon,,Free Delivery,,,,csv,False,,20084.0,Boat,,,"1,000+",Unknown
microwave oven convection,Puma microwave oven convection Model 943,18372.0,,4.2,367,Croma,,5 Days,,,,csv,False,,18372.0,Puma,,,"1,000+",4-4.49
office chair ergonomic,Nike office chair ergonomic Model 944,21252.0,,3.0,3789,Reliance Digital,,2 Days,,,,csv,False,,21252.0,Nike,,,"1,000+",3-3.99
men running shoes,Puma men running shoes Model 319,34307.0,,4.1,1256,Flipkart,,Free Delivery,,,,csv,False,,34307.0,Puma,,,"1,000+",4-4.49
office chair ergonomic,Puma office chair ergonomic Model 984,25335.0,,4.6,2494,Flipkart,,Free Delivery,,,,csv,True,,25335.0,Puma,,,"1,000+",4.5-5
air fryer india,Puma air fryer India Model 791,35653.0,,3.6,4443,Reliance Digital,,5 Days,,,,csv,False,,35653.0,Puma,,,"1,000+",3-3.99
men running shoes,Samsung men running shoes Model 540,17273.0,,3.6,561,Croma,,Free Delivery,,,,csv,False,,17273.0,Samsung,,,"1,000+",3-3.99
air fryer india,Boat air fryer India Model 608,10828.0,,3.3,4277,Flipkart,,5 Days,,,,csv,False,,10828.0,Boat,,,"1,000+",3-3.99
men running shoes,Boat men running shoes Model 710,46350.0,,3.6,2345,Reliance Digital,,Free Delivery,,,,csv,False,,46350.0,Boat,,,"1,000+",3-3.99
air fryer india,Philips air fryer India Model 545,5049.0,,4.4,557,Amazon,,2 Days,,,,csv,False,,5049.0,Philips,,,"1,000+",4-4.49
power bank fast charging,LG power bank fast charging Model 952,43614.0,,5.0,3948,Croma,,2 Days,,,,csv,False,,43614.0,LG,,,"1,000+",4.5-5
microwave oven convection,LG microwave oven convection Model 640,24180.5,,3.4,2664,Amazon,,Free Delivery,,,,csv,True,,24180.5,LG,,,"1,000+",3-3.99
microwave oven convection,Puma microwave oven convection Model 551,24180.5,,2.7,4482,Amazon,,5 Days,,,,csv,True,,24180.5,Puma,,,"1,000+",Under 3
power bank fast charging,Samsung power bank fast charging Model 946,17773.0,,3.6,587,Amazon,,Free Delivery,,,,csv,False,,17773.0,Samsung,,,"1,000+",3-3.99
power bank fast charging,Boat power bank fast charging Model 239,4103.0,,4.7,4335,Amazon,,2 Days,,,,csv,False,,4103.0,Boat,,,"1,000+",4.5-5
air fryer india,HP air fryer India Model 541,44752.0,,4.6,3692,Reliance Digital,,2 Days,,,,csv,False,,44752.0,HP,,,"1,000+",4.5-5
men running shoes,Boat men running shoes Model 227,380730.0,,2.9,1574,Croma,,2 Days,,,,csv,False,,380730.0,Boat,,,"1,000+",Under 3
microwave oven convection,Puma microwave oven convection Model 925,32710.0,,3.1,3780,Reliance Digital,,2 Days,,,,csv,False,,32710.0,Puma,,,"1,000+",3-3.99
men running shoes,Nike men running shoes Model 773,12222.0,,4.3,3755,Amazon,,5 Days,,,,csv,False,,12222.0,Nike,,,"1,000+",4-4.49
microwave oven convection,LG microwave oven convection Model 518,24180.5,,3.5,2553,Amazon,,5 Days,,,,csv,True,,24180.5,LG,,,"1,000+",3-3.99
men running shoes,Boat men running shoes Model 475,10153.0,,2.9,3274,Amazon,,5 Days,,,,csv,False,,10153.0,Boat,,,"1,000+",Under 3
microwave oven convection,Puma microwave oven convection Model 774,24180.5,,3.2,3544,Amazon,,Free Delivery,,,,csv,True,,24180.5,Puma,,,"1,000+",3-3.99
air fryer india,HP air fryer India Model 607,28433.0,,,2110,Amazon,,2 Days,,,,csv,False,,28433.0,HP,,,"1,000+",Unknown
power bank fast charging,Sony power bank fast charging Model 131,6862.0,,3.9,1670,Croma,,5 Days,,,,csv,False,,6862.0,Sony,,,"1,000+",3-3.99
microwave oven convection,Samsung microwave oven convection Model 132,2008.0,,4.8,2465,Croma,,5 Days,,,,csv,False,,2008.0,Samsung,,,"1,000+",4.5-5
men running shoes,Dell men running shoes Model 598,32326.0,,4.8,3889,Croma,,2 Days,,,,csv,False,,32326.0,Dell,,,"1,000+",4.5-5
men running shoes,Puma men running shoes Model 152,39884.0,,3.0,491,Reliance Digital,,2 Days,,,,csv,False,,39884.0,Puma,,,"1,000+",3-3.99
microwave oven convection,Dell microwave oven convection Model 270,35994.0,,2.7,2870,Flipkart,,5 Days,,,,csv,False,,35994.0,Dell,,,"1,000+",Under 3
air fryer india,Dell air fryer India Model 786,28304.0,,4.4,2261,Reliance Digital,,2 Days,,,,csv,False,,28304.0,Dell,,,"1,000+",4-4.49
air fryer india,Samsung air fryer India Model 883,5559.0,,,3803,Croma,,Free Delivery,,,,csv,False,,5559.0,Samsung,,,"1,000+",Unknown
microwave oven convection,Boat microwave oven convection Model 754,2828.0,,3.2,1712,Reliance Digital,,5 Days,,,,csv,False,,2828.0,Boat,,,"1,000+",3-3.99
power bank fast charging,Sony power bank fast charging Model 631,35507.0,,3.1,4810,Amazon,,5 Days,,,,csv,False,,35507.0,Sony,,,"1,000+",3-3.99
microwave oven convection,LG microwave oven convection Model 213,40084.0,,3.6,1704,Croma,,Free Delivery,,,,csv,False,,40084.0,LG,,,"1,000+",3-3.99
office chair ergonomic,LG office chair ergonomic Model 315,39361.0,,3.9,405,Croma,,Free Delivery,,,,csv,False,,39361.0,LG,,,"1,000+",3-3.99
office chair ergonomic,Sony office chair ergonomic Model 904,32777.0,,4.4,774,Croma,,Free Delivery,,,,csv,False,,32777.0,Sony,,,"1,000+",4-4.49
power bank fast charging,Sony power bank fast charging Model 298,16898.0,,4.2,4324,Reliance Digital,,Free Delivery,,,,csv,False,,16898.0,Sony,,,"1,000+",4-4.49
office chair ergonomic,Puma office chair ergonomic Model 876,123310.0,,3.3,2499,Flipkart,,Free Delivery,,,,csv,False,,123310.0,Puma,,,"1,000+",3-3.99
air fryer india,Puma air fryer India Model 363,28760.0,,4.9,1266,Reliance Digital,,Free Delivery,,,,csv,False,,28760.0,Puma,,,"1,000+",4.5-5
office chair ergonomic,Sony office chair ergonomic Model 246,40731.0,,4.7,4537,Reliance Digital,,Free Delivery,,,,csv,False,,40731.0,Sony,,,"1,000+",4.5-5
microwave oven convection,HP microwave oven convection Model 564,8799.0,,3.5,4884,Amazon,,Free Delivery,,,,csv,False,,8799.0,HP,,,"1,000+",3-3.99
microwave oven convection,Puma microwave oven convection Model 837,45797.0,,4.4,3484,Amazon,,5 Days,,,,csv,False,,45797.0,Puma,,,"1,000+",4-4.49
microwave oven convection,Boat microwave oven convection Model 306,16492.0,,2.6,4233,Reliance Digital,,5 Days,,,,csv,False,,16492.0,Boat,,,"1,000+",Under 3
office chair ergonomic,Sony office chair ergonomic Model 231,19356.0,,3.3,3401,Reliance Digital,,Free Delivery,,,,csv,False,,19356.0,Sony,,,"1,000+",3-3.99
microwave oven convection,Philips microwave oven convection Model 970,24180.5,,3.6,387,Amazon,,5 Days,,,,csv,True,,24180.5,Philips,,,"1,000+",3-3.99
microwave oven convection,LG microwave oven convection Model 208,4378.0,,,646,Amazon,,2 Days,,,,csv,False,,4378.0,LG,,,"1,000+",Unknown
microwave oven convection,Samsung microwave oven convection Model 981,24681.0,,4.6,2547,Flipkart,,5 Days,,,,csv,False,,24681.0,Samsung,,,"1,000+",4.5-5
men running shoes,HP men running shoes Model 362,43372.0,,2.9,705,Reliance Digital,,5 Days,,,,csv,False,,43372.0,HP,,,"1,000+",Under 3
office chair ergonomic,HP office chair ergonomic Model 442,18356.0,,3.3,1514,Croma,,5 Days,,,,csv,False,,18356.0,HP,,,"1,000+",3-3.99
microwave oven convection,Sony microwave oven convection Model 539,25404.0,,3.3,3211,Reliance Digital,,5 Days,,,,csv,False,,25404.0,Sony,,,"1,000+",3-3.99
power bank fast charging,Puma power bank fast charging Model 689,44441.0,,3.3,3789,Amazon,,2 Days,,,,csv,False,,44441.0,Puma,,,"1,000+",3-3.99
air fryer india,Dell air fryer India Model 524,18745.0,,4.4,1310,Flipkart,,Free Delivery,,,,csv,False,,18745.0,Dell,,,"1,000+",4-4.49
power bank fast charging,Nike power bank fast charging Model 495,45830.0,,4.5,3175,Croma,,2 Days,,,,csv,False,,45830.0,Nike,,,"1,000+",4.5-5
office chair ergonomic,HP office chair ergonomic Model 581,20763.0,,3.4,4476,Croma,,Free Delivery,,,,csv,False,,20763.0,HP,,,"1,000+",3-3.99
air fryer india,LG air fryer India Model 402,20591.0,,4.8,3083,Flipkart,,5 Days,,,,csv,False,,20591.0,LG,,,"1,000+",4.5-5
power bank fast charging,LG power bank fast charging Model 599,27396.0,,5.0,4919,Croma,,2 Days,,,,csv,True,,27396.0,LG,,,"1,000+",4.5-5
power bank fast charging,Philips power bank fast charging Model 444,46465.0,,3.9,451,Reliance Digital,,Free Delivery,,,,csv,False,,46465.0,Philips,,,"1,000+",3-3.99
microwave oven convection,HP microwave oven convection Model 412,30081.0,,3.1,1743,Croma,,Free Delivery,,,,csv,False,,30081.0,HP,,,"1,000+",3-3.99
microwave oven convection,Boat microwave oven convection Model 458,24180.5,,3.1,1093,Amazon,,5 Days,,,,csv,True,,24180.5,Boat,,,"1,000+",3-3.99
men running shoes,Dell men running shoes Model 919,32059.0,,4.1,692,Amazon,,2 Days,,,,csv,False,,32059.0,Dell,,,"1,000+",4-4.49
office chair ergonomic,Philips office chair ergonomic Model 756,28361.0,,,159,Reliance Digital,,Free Delivery,,,,csv,False,,28361.0,Philips,,,"1,000+",Unknown
men running shoes,Philips men running shoes Model 538,18724.0,,3.7,4023,Flipkart,,5 Days,,,,csv,False,,18724.0,Philips,,,"1,000+",3-3.99
microwave oven convection,HP microwave oven convection Model 932,24180.5,,3.7,4405,Reliance Digital,,5 Days,,,,csv,True,,24180.5,HP,,,"1,000+",3-3.99
air fryer india,Sony air fryer India Model 462,24365.0,,,3710,Flipkart,,2 Days,,,,csv,True,,24365.0,Sony,,,"1,000+",Unknown
men running shoes,Samsung men running shoes Model 620,10627.0,,2.6,1998,Amazon,,2 Days,,,,csv,False,,10627.0,Samsung,,,"1,000+",Under 3
office chair ergonomic,Nike office chair ergonomic Model 625,4607.0,,2.9,1964,Reliance Digital,,5 Days,,,,csv,False,,4607.0,Nike,,,"1,000+",Under 3
microwave oven convection,Philips microwave oven convection Model 363,545.0,,4.5,3336,Reliance Digital,,2 Days,,,,csv,False,,545.0,Philips,,,500-999.99,4.5-5
office chair ergonomic,Samsung office chair ergonomic Model 816,25335.0,,3.5,4253,Reliance Digital,,Free Delivery,,,,csv,True,,25335.0,Samsung,,,"1,000+",3-3.99
power bank fast charging,Puma power bank fast charging Model 877,3589.0,,3.1,2943,Amazon,,2 Days,,,,csv,False,,3589.0,Puma,,,"1,000+",3-3.99
air fryer india,Nike air fryer India Model 672,24365.0,,2.6,1638,Amazon,,Free Delivery,,,,csv,True,,24365.0,Nike,,,"1,000+",Under 3
microwave oven convection,Boat microwave oven convection Model 689,189420.0,,4.7,4390,Amazon,,5 Days,,,,csv,False,,189420.0,Boat,,,"1,000+",4.5-5
men running shoes,Boat men running shoes Model 745,49612.0,,,4854,Amazon,,Free Delivery,,,,csv,False,,49612.0,Boat,,,"1,000+",Unknown
microwave oven convection,Dell microwave oven convection Model 311,41787.0,,3.0,4005,Amazon,,5 Days,,,,csv,False,,41787.0,Dell,,,"1,000+",3-3.99
air fryer india,Boat air fryer India Model 698,46221.0,,,1104,Reliance Digital,,2 Days,,,,csv,False,,46221.0,Boat,,,"1,000+",Unknown
air fryer india,Sony air fryer India Model 515,9979.0,,4.4,424,Croma,,2 Days,,,,csv,False,,9979.0,Sony,,,"1,000+",4-4.49
microwave oven convection,Sony microwave oven convection Model 488,24180.5,,3.1,2333,Amazon,,Free Delivery,,,,csv,True,,24180.5,Sony,,,"1,000+",3-3.99
men running shoes,Nike men running shoes Model 468,47880.0,,3.1,3824,Reliance Digital,,2 Days,,,,csv,False,,47880.0,Nike,,,"1,000+",3-3.99
men running shoes,Dell men running shoes Model 209,22398.0,,4.0,674,Amazon,,5 Days,,,,csv,True,,22398.0,Dell,,,"1,000+",4-4.49
men running shoes,LG men running shoes Model 853,22398.0,,2.8,1611,Croma,,5 Days,,,,csv,True,,22398.0,LG,,,"1,000+",Under 3
power bank fast charging,Nike power bank fast charging Model 679,26131.0,,4.4,209,Flipkart,,5 Days,,,,csv,False,,26131.0,Nike,,,"1,000+",4-4.49
microwave oven convection,Boat microwave oven convection Model 520,6468.0,,4.1,4876,Amazon,,Free Delivery,,,,csv,False,,6468.0,Boat,,,"1,000+",4-4.49
power bank fast charging,HP power bank fast charging Model 689,46669.0,,4.3,2589,Amazon,,5 Days,,,,csv,False,,46669.0,HP,,,"1,000+",4-4.49
microwave oven convection,LG microwave oven convection Model 441,1788.0,,4.4,713,Flipkart,,Free Delivery,,,,csv,False,,1788.0,LG,,,"1,000+",4-4.49
men running shoes,Sony men running shoes Model 238,12511.0,,4.8,910,Flipkart,,2 Days,,,,csv,False,,12511.0,Sony,,,"1,000+",4.5-5
air fryer india,LG air fryer India Model 409,30972.0,,3.5,2526,Croma,,5 Days,,,,csv,False,,30972.0,LG,,,"1,000+",3-3.99
microwave oven convection,Philips microwave oven convection Model 744,12043.0,,3.9,3591,Croma,,5 Days,,,,csv,False,,12043.0,Philips,,,"1,000+",3-3.99
power bank fast charging,Puma power bank fast charging Model 707,34331.0,,,662,Amazon,,5 Days,,,,csv,False,,34331.0,Puma,,,"1,000+",Unknown
air fryer india,HP air fryer India Model 138,24365.0,,4.6,1009,Amazon,,5 Days,,,,csv,True,,24365.0,HP,,,"1,000+",4.5-5
microwave oven convection,Samsung microwave oven convection Model 702,16855.0,,3.4,1687,Amazon,,Free Delivery,,,,csv,False,,16855.0,Samsung,,,"1,000+",3-3.99
air fryer india,Samsung air fryer India Model 320,25030.0,,3.7,3449,Reliance Digital,,Free Delivery,,,,csv,False,,25030.0,Samsung,,,"1,000+",3-3.99
men running shoes,HP men running shoes Model 115,6514.0,,3.7,2024,Amazon,,Free Delivery,,,,csv,False,,6514.0,HP,,,"1,000+",3-3.99
men running shoes,Boat men running shoes Model 613,37203.0,,3.5,4794,Reliance Digital,,5 Days,,,,csv,False,,37203.0,Boat,,,"1,000+",3-3.99
air fryer india,LG air fryer India Model 455,14463.0,,4.6,3414,Reliance Digital,,2 Days,,,,csv,False,,14463.0,LG,,,"1,000+",4.5-5
microwave oven convection,Sony microwave oven convection Model 900,24180.5,,,,Reliance Digital,,Free Delivery,,,,csv,True,,24180.5,Sony,,,"1,000+",Unknown
power bank fast charging,LG power bank fast charging Model 410,14986.0,,3.1,2293,Reliance Digital,,5 Days,,,,csv,False,,14986.0,LG,,,"1,000+",3-3.99
office chair ergonomic,LG office chair ergonomic Model 901,10247.0,,3.6,2696,Reliance Digital,,2 Days,,,,csv,False,,10247.0,LG,,,"1,000+",3-3.99
air fryer india,Sony air fryer India Model 538,24365.0,,4.0,39,Flipkart,,Free Delivery,,,,csv,True,,24365.0,Sony,,,"1,000+",4-4.49
power bank fast charging,Philips power bank fast charging Model 534,35646.0,,4.7,2485,Amazon,,Free Delivery,,,,csv,False,,35646.0,Philips,,,"1,000+",4.5-5
men running shoes,Philips men running shoes Model 324,24783.0,,3.0,1077,Croma,,2 Days,,,,csv,False,,24783.0,Philips,,,"1,000+",3-3.99
air fryer india,Sony air fryer India Model 915,21233.0,,4.6,57,Croma,,2 Days,,,,csv,False,,21233.0,Sony,,,"1,000+",4.5-5
office chair ergonomic,Dell office chair ergonomic Model 372,25335.0,,3.6,389,Croma,,2 Days,,,,csv,True,,25335.0,Dell,,,"1,000+",3-3.99
men running shoes,Boat men running shoes Model 178,22398.0,,4.9,2712,Croma,,Free Delivery,,,,csv,True,,22398.0,Boat,,,"1,000+",4.5-5
power bank fast charging,HP power bank fast charging Model 937,45235.0,,2.5,1819,Reliance Digital,,2 Days,,,,csv,False,,45235.0,HP,,,"1,000+",Under 3
men running shoes,Nike men running shoes Model 692,6110.0,,2.9,3598,Croma,,2 Days,,,,csv,False,,6110.0,Nike,,,"1,000+",Under 3
power bank fast charging,HP power bank fast charging Model 815,5912.0,,3.6,80,Reliance Digital,,Free Delivery,,,,csv,False,,5912.0,HP,,,"1,000+",3-3.99
men running shoes,Dell men running shoes Model 679,22398.0,,3.5,19,Reliance Digital,,5 Days,,,,csv,True,,22398.0,Dell,,,"1,000+",3-3.99
power bank fast charging,Sony power bank fast charging Model 101,35363.0,,4.4,2354,Amazon,,Free Delivery,,,,csv,False,,35363.0,Sony,,,"1,000+",4-4.49
power bank fast charging,Puma power bank fast charging Model 415,8944.0,,3.7,2974,Amazon,,2 Days,,,,csv,False,,8944.0,Puma,,,"1,000+",3-3.99
air fryer india,HP air fryer India Model 947,26570.0,,4.9,1076,Croma,,2 Days,,,,csv,False,,26570.0,HP,,,"1,000+",4.5-5
microwave oven convection,Puma microwave oven convection Model 212,12632.0,,3.0,2291,Flipkart,,Free Delivery,,,,csv,False,,12632.0,Puma,,,"1,000+",3-3.99
office chair ergonomic,HP office chair ergonomic Model 314,40602.0,,4.0,4062,Amazon,,Free Delivery,,,,csv,False,,40602.0,HP,,,"1,000+",4-4.49
air fryer india,Nike air fryer India Model 150,26407.0,,2.9,3910,Reliance Digital,,Free Delivery,,,,csv,False,,26407.0,Nike,,,"1,000+",Under 3
men running shoes,HP men running shoes Model 129,42006.0,,4.5,3287,Flipkart,,5 Days,,,,csv,False,,42006.0,HP,,,"1,000+",4.5-5
air fryer india,Dell air fryer India Model 363,23530.0,,4.0,641,Flipkart,,2 Days,,,,csv,False,,23530.0,Dell,,,"1,000+",4-4.49
men running shoes,Nike men running shoes Model 347,31724.0,,3.1,612,Reliance Digital,,2 Days,,,,csv,False,,31724.0,Nike,,,"1,000+",3-3.99
microwave oven convection,Philips microwave oven convection Model 280,23316.0,,2.5,1090,Flipkart,,2 Days,,,,csv,False,,23316.0,Philips,,,"1,000+",Under 3
power bank fast charging,Samsung power bank fast charging Model 440,13597.0,,3.6,4156,Amazon,,2 Days,,,,csv,False,,13597.0,Samsung,,,"1,000+",3-3.99
microwave oven convection,Philips microwave oven convection Model 635,12598.0,,4.1,3062,Amazon,,2 Days,,,,csv,False,,12598.0,Philips,,,"1,000+",4-4.49
men running shoes,Sony men running shoes Model 596,12685.0,,5.0,1964,Flipkart,,2 Days,,,,csv,False,,12685.0,Sony,,,"1,000+",4.5-5
air fryer india,LG air fryer India Model 884,3840.0,,4.9,2735,Croma,,5 Days,,,,csv,False,,3840.0,LG,,,"1,000+",4.5-5
air fryer india,Nike air fryer India Model 458,9171.0,,2.5,3658,Reliance Digital,,2 Days,,,,csv,False,,9171.0,Nike,,,"1,000+",Under 3
men running shoes,Samsung men running shoes Model 561,22398.0,,3.5,4897,Amazon,,2 Days,,,,csv,True,,22398.0,Samsung,,,"1,000+",3-3.99
men running shoes,Boat men running shoes Model 997,44964.0,,3.6,802,Amazon,,2 Days,,,,csv,False,,44964.0,Boat,,,"1,000+",3-3.99
air fryer india,LG air fryer India Model 348,24365.0,,4.3,806,Reliance Digital,,Free Delivery,,,,csv,True,,24365.0,LG,,,"1,000+",4-4.49
power bank fast charging,Puma power bank fast charging Model 235,44793.0,,4.2,4777,Flipkart,,5 Days,,,,csv,False,,44793.0,Puma,,,"1,000+",4-4.49
microwave oven convection,Sony microwave oven convection Model 224,5069.0,,4.3,2597,Reliance Digital,,2 Days,,,,csv,False,,5069.0,Sony,,,"1,000+",4-4.49
office chair ergonomic,Puma office chair ergonomic Model 226,14746.0,,3.1,1199,Croma,,2 Days,,,,csv,False,,14746.0,Puma,,,"1,000+",3-3.99
power bank fast charging,Nike power bank fast charging Model 262,19476.0,,4.0,4865,Amazon,,Free Delivery,,,,csv,False,,19476.0,Nike,,,"1,000+",4-4.49
men running shoes,HP men running shoes Model 563,26629.0,,3.8,371,Croma,,Free Delivery,,,,csv,False,,26629.0,HP,,,"1,000+",3-3.99
office chair ergonomic,LG office chair ergonomic Model 315,25335.0,,2.5,517,Amazon,,Free Delivery,,,,csv,True,,25335.0,LG,,,"1,000+",Under 3
microwave oven convection,Dell microwave oven convection Model 822,24180.5,,2.8,4732,Croma,,5 Days,,,,csv,True,,24180.5,Dell,,,"1,000+",Under 3
power bank fast charging,Philips power bank fast charging Model 553,27396.0,,4.6,1856,Flipkart,,Free Delivery,,,,csv,True,,27396.0,Philips,,,"1,000+",4.5-5
power bank fast charging,HP power bank fast charging Model 573,34168.0,,4.3,1223,Flipkart,,2 Days,,,,csv,False,,34168.0,HP,,,"1,000+",4-4.49
microwave oven convection,Sony microwave oven convection Model 911,1095.0,,3.5,2227,Reliance Digital,,5 Days,,,,csv,False,,1095.0,Sony,,,"1,000+",3-3.99
microwave oven convection,Puma microwave oven convection Model 342,24507.0,,2.7,389,Amazon,,5 Days,,,,csv,False,,24507.0,Puma,,,"1,000+",Under 3
microwave oven convection,Sony microwave oven convection Model 764,26390.0,,4.1,1905,Croma,,Free Delivery,,,,csv,False,,26390.0,Sony,,,"1,000+",4-4.49
men running shoes,Boat men running shoes Model 978,42076.0,,,2971,Amazon,,5 Days,,,,csv,False,,42076.0,Boat,,,"1,000+",Unknown
microwave oven convection,Samsung microwave oven convection Model 210,11972.0,,3.6,629,Flipkart,,2 Days,,,,csv,False,,11972.0,Samsung,,,"1,000+",3-3.99
microwave oven convection,HP microwave oven convection Model 133,3630.0,,3.7,4648,Amazon,,Free Delivery,,,,csv,False,,3630.0,HP,,,"1,000+",3-3.99
office chair ergonomic,Puma office chair ergonomic Model 837,13147.0,,4.2,32,Croma,,5 Days,,,,csv,False,,13147.0,Puma,,,"1,000+",4-4.49
air fryer india,Puma air fryer India Model 186,24365.0,,3.8,1856,Flipkart,,2 Days,,,,csv,True,,24365.0,Puma,,,"1,000+",3-3.99
microwave oven convection,Puma microwave oven convection Model 541,18499.0,,3.4,2522,Reliance Digital,,2 Days,,,,csv,False,,18499.0,Puma,,,"1,000+",3-3.99
power bank fast charging,Sony power bank fast charging Model 286,12239.0,,3.7,4088,Croma,,2 Days,,,,csv,False,,12239.0,Sony,,,"1,000+",3-3.99
power bank fast charging,Puma power bank fast charging Model 383,45126.0,,3.0,3458,Amazon,,2 Days,,,,csv,False,,45126.0,Puma,,,"1,000+",3-3.99
office chair ergonomic,Dell office chair ergonomic Model 133,5073.0,,3.3,515,Reliance Digital,,2 Days,,,,csv,False,,5073.0,Dell,,,"1,000+",3-3.99
power bank fast charging,HP power bank fast charging Model 103,9195.0,,4.3,426,Amazon,,5 Days,,,,csv,False,,9195.0,HP,,,"1,000+",4-4.49
office chair ergonomic,LG office chair ergonomic Model 731,25335.0,,3.0,3496,Amazon,,Free Delivery,,,,csv,True,,25335.0,LG,,,"1,000+",3-3.99
microwave oven convection,Puma microwave oven convection Model 554,7198.0,,4.8,4075,Amazon,,5 Days,,,,csv,False,,7198.0,Puma,,,"1,000+",4.5-5
power bank fast charging,Puma power bank fast charging Model 535,42894.0,,4.0,387,Flipkart,,Free Delivery,,,,csv,False,,42894.0,Puma,,,"1,000+",4-4.49
air fryer india,Puma air fryer India Model 114,19237.0,,4.2,2847,Croma,,Free Delivery,,,,csv,False,,19237.0,Puma,,,"1,000+",4-4.49
office chair ergonomic,LG office chair ergonomic Model 168,229430.0,,3.2,2872,Flipkart,,2 Days,,,,csv,False,,229430.0,LG,,,"1,000+",3-3.99
office chair ergonomic,Nike office chair ergonomic Model 171,48035.0,,4.6,4068,Flipkart,,Free Delivery,,,,csv,False,,48035.0,Nike,,,"1,000+",4.5-5
microwave oven convection,Puma microwave oven convection Model 226,45427.0,,,3127,Flipkart,,Free Delivery,,,,csv,False,,45427.0,Puma,,,"1,000+",Unknown
power bank fast charging,Sony power bank fast charging Model 726,2163.0,,3.5,1528,Reliance Digital,,Free Delivery,,,,csv,False,,2163.0,Sony,,,"1,000+",3-3.99
office chair ergonomic,Boat office chair ergonomic Model 626,21070.0,,3.5,2232,Amazon,,5 Days,,,,csv,False,,21070.0,Boat,,,"1,000+",3-3.99
microwave oven convection,HP microwave oven convection Model 277,36657.0,,4.7,4480,Croma,,Free Delivery,,,,csv,False,,36657.0,HP,,,"1,000+",4.5-5
air fryer india,HP air fryer India Model 527,38330.0,,3.3,1963,Flipkart,,Free Delivery,,,,csv,False,,38330.0,HP,,,"1,000+",3-3.99
men running shoes,Boat men running shoes Model 948,10068.0,,4.5,3869,Reliance Digital,,2 Days,,,,csv,False,,10068.0,Boat,,,"1,000+",4.5-5
power bank fast charging,LG power bank fast charging Model 896,47595.0,,4.1,2583,Reliance Digital,,Free Delivery,,,,csv,False,,47595.0,LG,,,"1,000+",4-4.49
air fryer india,LG air fryer India Model 404,24365.0,,3.4,4079,Amazon,,5 Days,,,,csv,True,,24365.0,LG,,,"1,000+",3-3.99
office chair ergonomic,Dell office chair ergonomic Model 164,45070.0,,4.1,2690,Flipkart,,2 Days,,,,csv,False,,45070.0,Dell,,,"1,000+",4-4.49
air fryer india,Nike air fryer India Model 194,31793.0,,,2201,Amazon,,5 Days,,,,csv,False,,31793.0,Nike,,,"1,000+",Unknown
microwave oven convection,Boat microwave oven convection Model 173,47111.0,,3.6,2074,Reliance Digital,,Free Delivery,,,,csv,False,,47111.0,Boat,,,"1,000+",3-3.99
microwave oven convection,Samsung microwave oven convection Model 145,44221.0,,4.5,4997,Croma,,5 Days,,,,csv,False,,44221.0,Samsung,,,"1,000+",4.5-5
microwave oven convection,Puma microwave oven convection Model 321,28313.0,,3.5,4186,Reliance Digital,,Free Delivery,,,,csv,False,,28313.0,Puma,,,"1,000+",3-3.99
air fryer india,LG air fryer India Model 163,22657.0,,3.8,3631,Croma,,5 Days,,,,csv,False,,22657.0,LG,,,"1,000+",3-3.99
microwave oven convection,Philips microwave oven convection Model 889,861.0,,5.0,1382,Amazon,,2 Days,,,,csv,False,,861.0,Philips,,,500-999.99,4.5-5
power bank fast charging,Nike power bank fast charging Model 172,27396.0,,3.0,263,Croma,,2 Days,,,,csv,True,,27396.0,Nike,,,"1,000+",3-3.99
power bank fast charging,Philips power bank fast charging Model 541,46064.0,,4.9,3147,Reliance Digital,,Free Delivery,,,,csv,False,,46064.0,Philips,,,"1,000+",4.5-5
air fryer india,Philips air fryer India Model 594,41057.0,,3.6,3166,Reliance Digital,,2 Days,,,,csv,False,,41057.0,Philips,,,"1,000+",3-3.99
office chair ergonomic,HP office chair ergonomic Model 891,42516.0,,4.6,2855,Croma,,Free Delivery,,,,csv,False,,42516.0,HP,,,"1,000+",4.5-5
office chair ergonomic,HP office chair ergonomic Model 552,46946.0,,2.7,3568,Flipkart,,2 Days,,,,csv,False,,46946.0,HP,,,"1,000+",Under 3
microwave oven convection,Nike microwave oven convection Model 509,8160.0,,,4917,Reliance Digital,,Free Delivery,,,,csv,False,,8160.0,Nike,,,"1,000+",Unknown
microwave oven convection,Sony microwave oven convection Model 163,30641.0,,4.0,3963,Flipkart,,Free Delivery,,,,csv,False,,30641.0,Sony,,,"1,000+",4-4.49
men running shoes,Samsung men running shoes Model 605,40321.0,,3.9,2672,Croma,,5 Days,,,,csv,False,,40321.0,Samsung,,,"1,000+",3-3.99
office chair ergonomic,Samsung office chair ergonomic Model 229,25335.0,,2.7,439,Amazon,,2 Days,,,,csv,True,,25335.0,Samsung,,,"1,000+",Under 3
air fryer india,Puma air fryer India Model 553,41567.0,,4.5,2251,Amazon,,Free Delivery,,,,csv,False,,41567.0,Puma,,,"1,000+",4.5-5
power bank fast charging,Puma power bank fast charging Model 990,27357.0,,3.7,1960,Croma,,5 Days,,,,csv,False,,27357.0,Puma,,,"1,000+",3-3.99
office chair ergonomic,Boat office chair ergonomic Model 178,5007.0,,4.5,543,Amazon,,2 Days,,,,csv,False,,5007.0,Boat,,,"1,000+",4.5-5
power bank fast charging,LG power bank fast charging Model 658,19178.0,,4.9,4495,Reliance Digital,,2 Days,,,,csv,False,,19178.0,LG,,,"1,000+",4.5-5
microwave oven convection,Nike microwave oven convection Model 392,18929.0,,3.7,4407,Amazon,,Free Delivery,,,,csv,False,,18929.0,Nike,,,"1,000+",3-3.99
air fryer india,HP air fryer India Model 426,22209.0,,,1544,Reliance Digital,,Free Delivery,,,,csv,False,,22209.0,HP,,,"1,000+",Unknown
office chair ergonomic,Dell office chair ergonomic Model 777,11887.0,,2.7,153,Flipkart,,2 Days,,,,csv,False,,11887.0,Dell,,,"1,000+",Under 3
office chair ergonomic,Philips office chair ergonomic Model 798,25335.0,,3.6,,Flipkart,,5 Days,,,,csv,True,,25335.0,Philips,,,"1,000+",3-3.99
air fryer india,Nike air fryer India Model 948,17183.0,,2.7,130,Croma,,2 Days,,,,csv,False,,17183.0,Nike,,,"1,000+",Under 3
microwave oven convection,HP microwave oven convection Model 218,1280.0,,,4982,Flipkart,,Free Delivery,,,,csv,False,,1280.0,HP,,,"1,000+",Unknown
microwave oven convection,Philips microwave oven convection Model 209,27815.0,,3.2,4406,Reliance Digital,,5 Days,,,,csv,False,,27815.0,Philips,,,"1,000+",3-3.99
men running shoes,Puma men running shoes Model 923,49220.0,,2.8,3066,Flipkart,,5 Days,,,,csv,False,,49220.0,Puma,,,"1,000+",Under 3
air fryer india,Boat air fryer India Model 706,24365.0,,2.8,750,Reliance Digital,,Free Delivery,,,,csv,True,,24365.0,Boat,,,"1,000+",Under 3
power bank fast charging,LG power bank fast charging Model 398,4006.0,,3.9,3536,Reliance Digital,,Free Delivery,,,,csv,False,,4006.0,LG,,,"1,000+",3-3.99
air fryer india,Philips air fryer India Model 348,14376.0,,4.6,2307,Croma,,5 Days,,,,csv,False,,14376.0,Philips,,,"1,000+",4.5-5
men running shoes,Sony men running shoes Model 458,7058.0,,3.1,516,Reliance Digital,,2 Days,,,,csv,False,,7058.0,Sony,,,"1,000+",3-3.99
power bank fast charging,Dell power bank fast charging Model 451,27396.0,,3.4,3942,Croma,,2 Days,,,,csv,True,,27396.0,Dell,,,"1,000+",3-3.99
microwave oven convection,Sony microwave oven convection Model 143,27040.0,,3.5,3942,Reliance Digital,,5 Days,,,,csv,False,,27040.0,Sony,,,"1,000+",3-3.99
power bank fast charging,LG power bank fast charging Model 902,36998.0,,5.0,2677,Reliance Digital,,Free Delivery,,,,csv,False,,36998.0,LG,,,"1,000+",4.5-5
office chair ergonomic,HP office chair ergonomic Model 168,20097.0,,3.5,2880,Croma,,2 Days,,,,csv,False,,20097.0,HP,,,"1,000+",3-3.99
power bank fast charging,Dell power bank fast charging Model 817,8299.0,,3.7,,Flipkart,,5 Days,,,,csv,False,,8299.0,Dell,,,"1,000+",3-3.99
microwave oven convection,Samsung microwave oven convection Model 436,38648.0,,4.2,2095,Croma,,2 Days,,,,csv,False,,38648.0,Samsung,,,"1,000+",4-4.49
air fryer india,LG air fryer India Model 921,16964.0,,2.7,4354,Reliance Digital,,2 Days,,,,csv,False,,16964.0,LG,,,"1,000+",Under 3
air fryer india,LG air fryer India Model 351,24365.0,,4.1,3041,Amazon,,2 Days,,,,csv,True,,24365.0,LG,,,"1,000+",4-4.49
men running shoes,Sony men running shoes Model 584,22398.0,,4.1,411,Croma,,5 Days,,,,csv,True,,22398.0,Sony,,,"1,000+",4-4.49
microwave oven convection,Nike microwave oven convection Model 675,2014.0,,3.7,1428,Reliance Digital,,5 Days,,,,csv,False,,2014.0,Nike,,,"1,000+",3-3.99
air fryer india,Dell air fryer India Model 399,3266.0,,3.2,3596,Amazon,,Free Delivery,,,,csv,False,,3266.0,Dell,,,"1,000+",3-3.99
office chair ergonomic,Puma office chair ergonomic Model 305,15697.0,,3.7,1940,Flipkart,,2 Days,,,,csv,False,,15697.0,Puma,,,"1,000+",3-3.99
air fryer india,Sony air fryer India Model 459,24365.0,,,3674,Reliance Digital,,5 Days,,,,csv,True,,24365.0,Sony,,,"1,000+",Unknown
microwave oven convection,Sony microwave oven convection Model 852,4773.0,,4.5,3005,Croma,,2 Days,,,,csv,False,,4773.0,Sony,,,"1,000+",4.5-5
microwave oven convection,Sony microwave oven convection Model 440,4334.0,,2.5,2041,Flipkart,,5 Days,,,,csv,False,,4334.0,Sony,,,"1,000+",Under 3
air fryer india,Nike air fryer India Model 186,21352.0,,3.3,2849,Croma,,5 Days,,,,csv,False,,21352.0,Nike,,,"1,000+",3-3.99
men running shoes,Dell men running shoes Model 200,31794.0,,4.0,354,Amazon,,2 Days,,,,csv,False,,31794.0,Dell,,,"1,000+",4-4.49
power bank fast charging,HP power bank fast charging Model 577,38962.0,,2.9,99,Croma,,2 Days,,,,csv,False,,38962.0,HP,,,"1,000+",Under 3
power bank fast charging,Dell power bank fast charging Model 966,28133.0,,4.4,2950,Flipkart,,Free Delivery,,,,csv,False,,28133.0,Dell,,,"1,000+",4-4.49
office chair ergonomic,Philips office chair ergonomic Model 470,37042.0,,4.9,4107,Flipkart,,2 Days,,,,csv,False,,37042.0,Philips,,,"1,000+",4.5-5
power bank fast charging,Philips power bank fast charging Model 136,114690.0,,3.4,2456,Reliance Digital,,Free Delivery,,,,csv,False,,114690.0,Philips,,,"1,000+",3-3.99
men running shoes,Boat men running shoes Model 839,2510.0,,2.5,3356,Croma,,2 Days,,,,csv,False,,2510.0,Boat,,,"1,000+",Under 3
power bank fast charging,Samsung power bank fast charging Model 918,41601.0,,2.9,2072,Croma,,2 Days,,,,csv,False,,41601.0,Samsung,,,"1,000+",Under 3
microwave oven convection,Dell microwave oven convection Model 663,5712.0,,4.2,1139,Amazon,,5 Days,,,,csv,False,,5712.0,Dell,,,"1,000+",4-4.49
air fryer india,Nike air fryer India Model 610,39140.0,,2.9,3032,Amazon,,Free Delivery,,,,csv,False,,39140.0,Nike,,,"1,000+",Under 3
men running shoes,Nike men running shoes Model 799,5743.0,,3.8,1695,Flipkart,,5 Days,,,,csv,False,,5743.0,Nike,,,"1,000+",3-3.99
office chair ergonomic,Boat office chair ergonomic Model 649,25335.0,,4.4,4972,Reliance Digital,,5 Days,,,,csv,True,,25335.0,Boat,,,"1,000+",4-4.49
men running shoes,Sony men running shoes Model 547,2086.0,,4.6,2882,Croma,,2 Days,,,,csv,False,,2086.0,Sony,,,"1,000+",4.5-5
air fryer india,Samsung air fryer India Model 355,43541.0,,3.3,2088,Amazon,,5 Days,,,,csv,False,,43541.0,Samsung,,,"1,000+",3-3.99
office chair ergonomic,Nike office chair ergonomic Model 983,2556.0,,3.3,951,Flipkart,,Free Delivery,,,,csv,False,,2556.0,Nike,,,"1,000+",3-3.99
office chair ergonomic,Sony office chair ergonomic Model 422,40011.0,,3.9,108,Reliance Digital,,Free Delivery,,,,csv,False,,40011.0,Sony,,,"1,000+",3-3.99
office chair ergonomic,LG office chair ergonomic Model 829,48584.0,,3.1,1055,Reliance Digital,,2 Days,,,,csv,False,,48584.0,LG,,,"1,000+",3-3.99
power bank fast charging,HP power bank fast charging Model 549,35974.0,,4.0,3831,Amazon,,5 Days,,,,csv,False,,35974.0,HP,,,"1,000+",4-4.49
men running shoes,Philips men running shoes Model 919,3772.0,,,1377,Croma,,2 Days,,,,csv,False,,3772.0,Philips,,,"1,000+",Unknown
air fryer india,Sony air fryer India Model 331,12621.0,,3.0,2262,Flipkart,,Free Delivery,,,,csv,False,,12621.0,Sony,,,"1,000+",3-3.99
power bank fast charging,LG power bank fast charging Model 220,39474.0,,3.1,1988,Reliance Digital,,Free Delivery,,,,csv,False,,39474.0,LG,,,"1,000+",3-3.99
office chair ergonomic,Sony office chair ergonomic Model 327,25335.0,,4.2,1332,Amazon,,5 Days,,,,csv,True,,25335.0,Sony,,,"1,000+",4-4.49
men running shoes,Samsung men running shoes Model 785,7514.0,,3.1,4026,Reliance Digital,,5 Days,,,,csv,False,,7514.0,Samsung,,,"1,000+",3-3.99
men running shoes,Samsung men running shoes Model 174,47927.0,,2.7,3938,Amazon,,Free Delivery,,,,csv,False,,47927.0,Samsung,,,"1,000+",Under 3
air fryer india,Philips air fryer India Model 978,24365.0,,5.0,843,Amazon,,5 Days,,,,csv,True,,24365.0,Philips,,,"1,000+",4.5-5
men running shoes,Samsung men running shoes Model 658,33900.0,,4.0,458,Reliance Digital,,5 Days,,,,csv,False,,33900.0,Samsung,,,"1,000+",4-4.49
men running shoes,Sony men running shoes Model 587,44061.0,,,,Amazon,,2 Days,,,,csv,False,,44061.0,Sony,,,"1,000+",Unknown
microwave oven convection,HP microwave oven convection Model 299,19916.0,,4.6,281,Reliance Digital,,5 Days,,,,csv,False,,19916.0,HP,,,"1,000+",4.5-5
office chair ergonomic,Boat office chair ergonomic Model 117,42880.0,,2.6,3811,Flipkart,,Free Delivery,,,,csv,False,,42880.0,Boat,,,"1,000+",Under 3
microwave oven convection,Nike microwave oven convection Model 418,3327.0,,4.4,1863,Flipkart,,Free Delivery,,,,csv,False,,3327.0,Nike,,,"1,000+",4-4.49
microwave oven convection,Samsung microwave oven convection Model 738,48929.0,,3.5,2114,Croma,,2 Days,,,,csv,False,,48929.0,Samsung,,,"1,000+",3-3.99
microwave oven convection,Sony microwave oven convection Model 316,24180.5,,4.8,760,Amazon,,2 Days,,,,csv,True,,24180.5,Sony,,,"1,000+",4.5-5
men running shoes,Samsung men running shoes Model 250,18528.0,,4.4,4222,Amazon,,2 Days,,,,csv,False,,18528.0,Samsung,,,"1,000+",4-4.49
microwave oven convection,Sony microwave oven convection Model 574,24180.5,,2.8,2634,Amazon,,2 Days,,,,csv,True,,24180.5,Sony,,,"1,000+",Under 3
power bank fast charging,HP power bank fast charging Model 312,34695.0,,3.4,3977,Reliance Digital,,Free Delivery,,,,csv,False,,34695.0,HP,,,"1,000+",3-3.99
men running shoes,Puma men running shoes Model 761,23220.0,,4.5,3713,Flipkart,,5 Days,,,,csv,False,,23220.0,Puma,,,"1,000+",4.5-5
air fryer india,Sony air fryer India Model 395,18860.0,,2.6,2188,Flipkart,,2 Days,,,,csv,False,,18860.0,Sony,,,"1,000+",Under 3
men running shoes,Sony men running shoes Model 654,37225.0,,4.9,1798,Croma,,Free Delivery,,,,csv,False,,37225.0,Sony,,,"1,000+",4.5-5
microwave oven convection,Philips microwave oven convection Model 322,38800.0,,4.2,3643,Croma,,Free Delivery,,,,csv,False,,38800.0,Philips,,,"1,000+",4-4.49
office chair ergonomic,Sony office chair ergonomic Model 215,383160.0,,3.3,3512,Reliance Digital,,5 Days,,,,csv,False,,395720.0,Sony,,,"1,000+",3-3.99
office chair ergonomic,Nike office chair ergonomic Model 650,20379.0,,4.0,1776,Croma,,5 Days,,,,csv,False,,20379.0,Nike,,,"1,000+",4-4.49
air fryer india,Philips air fryer India Model 933,24365.0,,4.7,4077,Flipkart,,Free Delivery,,,,csv,True,,24365.0,Philips,,,"1,000+",4.5-5
office chair ergonomic,Boat office chair ergonomic Model 869,45800.0,,4.5,2207,Reliance Digital,,5 Days,,,,csv,False,,45800.0,Boat,,,"1,000+",4.5-5
men running shoes,Sony men running shoes Model 120,46739.0,,4.6,3913,Amazon,,2 Days,,,,csv,False,,46739.0,Sony,,,"1,000+",4.5-5
microwave oven convection,Boat microwave oven convection Model 324,38021.0,,3.8,3188,Croma,,2 Days,,,,csv,False,,38021.0,Boat,,,"1,000+",3-3.99
microwave oven convection,LG microwave oven convection Model 315,3378.0,,,1762,Reliance Digital,,2 Days,,,,csv,False,,3378.0,LG,,,"1,000+",Unknown
microwave oven convection,Sony microwave oven convection Model 895,24180.5,,4.5,4979,Croma,,2 Days,,,,csv,True,,24180.5,Sony,,,"1,000+",4.5-5
microwave oven convection,Nike microwave oven convection Model 828,29703.0,,2.6,3912,Croma,,2 Days,,,,csv,False,,29703.0,Nike,,,"1,000+",Under 3
air fryer india,Samsung air fryer India Model 610,24365.0,,3.9,2771,Croma,,Free Delivery,,,,csv,True,,24365.0,Samsung,,,"1,000+",3-3.99
power bank fast charging,HP power bank fast charging Model 527,30519.0,,4.9,4510,Reliance Digital,,2 Days,,,,csv,False,,30519.0,HP,,,"1,000+",4.5-5
power bank fast charging,Sony power bank fast charging Model 610,36000.0,,,3800,Amazon,,2 Days,,,,csv,False,,36000.0,Sony,,,"1,000+",Unknown
air fryer india,Dell air fryer India Model 578,36341.0,,4.8,883,Flipkart,,Free Delivery,,,,csv,False,,36341.0,Dell,,,"1,000+",4.5-5
microwave oven convection,Boat microwave oven convection Model 347,17219.0,,4.9,4143,Reliance Digital,,5 Days,,,,csv,False,,17219.0,Boat,,,"1,000+",4.5-5
men running shoes,Nike men running shoes Model 219,34253.0,,,841,Flipkart,,5 Days,,,,csv,False,,34253.0,Nike,,,"1,000+",Unknown
microwave oven convection,Nike microwave oven convection Model 250,39513.0,,3.4,4537,Reliance Digital,,5 Days,,,,csv,False,,39513.0,Nike,,,"1,000+",3-3.99
air fryer india,Dell air fryer India Model 491,25496.0,,3.4,2200,Reliance Digital,,2 Days,,,,csv,False,,25496.0,Dell,,,"1,000+",3-3.99
men running shoes,Philips men running shoes Model 426,27021.0,,3.8,2209,Amazon,,5 Days,,,,csv,False,,27021.0,Philips,,,"1,000+",3-3.99
office chair ergonomic,HP office chair ergonomic Model 267,46662.0,,3.0,359,Reliance Digital,,2 Days,,,,csv,False,,46662.0,HP,,,"1,000+",3-3.99
office chair ergonomic,Dell office chair ergonomic Model 173,18061.0,,4.3,4758,Flipkart,,Free Delivery,,,,csv,False,,18061.0,Dell,,,"1,000+",4-4.49
office chair ergonomic,Samsung office chair ergonomic Model 351,37724.0,,2.6,3723,Reliance Digital,,5 Days,,,,csv,False,,37724.0,Samsung,,,"1,000+",Under 3
power bank fast charging,Dell power bank fast charging Model 614,44089.0,,,200,Flipkart,,Free Delivery,,,,csv,False,,44089.0,Dell,,,"1,000+",Unknown
office chair ergonomic,Nike office chair ergonomic Model 977,41365.0,,3.8,1093,Croma,,Free Delivery,,,,csv,False,,41365.0,Nike,,,"1,000+",3-3.99
microwave oven convection,LG microwave oven convection Model 911,15783.0,,3.8,2230,Amazon,,5 Days,,,,csv,False,,15783.0,LG,,,"1,000+",3-3.99
microwave oven convection,HP microwave oven convection Model 190,36826.0,,2.5,320,Amazon,,5 Days,,,,csv,False,,36826.0,HP,,,"1,000+",Under 3
men running shoes,Sony men running shoes Model 605,22398.0,,2.9,418,Croma,,2 Days,,,,csv,True,,22398.0,Sony,,,"1,000+",Under 3
power bank fast charging,Philips power bank fast charging Model 994,36273.0,,3.6,1514,Reliance Digital,,5 Days,,,,csv,False,,36273.0,Philips,,,"1,000+",3-3.99
office chair ergonomic,Samsung office chair ergonomic Model 796,7217.0,,4.3,4830,Reliance Digital,,2 Days,,,,csv,False,,7217.0,Samsung,,,"1,000+",4-4.49
men running shoes,Samsung men running shoes Model 565,33380.0,,2.6,2274,Reliance Digital,,5 Days,,,,csv,False,,33380.0,Samsung,,,"1,000+",Under 3
power bank fast charging,Philips power bank fast charging Model 567,42951.0,,4.2,2692,Reliance Digital,,5 Days,,,,csv,False,,42951.0,Philips,,,"1,000+",4-4.49
office chair ergonomic,Nike office chair ergonomic Model 620,23961.0,,3.7,913,Reliance Digital,,Free Delivery,,,,csv,False,,23961.0,Nike,,,"1,000+",3-3.99
office chair ergonomic,Sony office chair ergonomic Model 822,25335.0,,4.1,4670,Amazon,,Free Delivery,,,,csv,True,,25335.0,Sony,,,"1,000+",4-4.49
power bank fast charging,Philips power bank fast charging Model 275,49516.0,,4.7,571,Croma,,Free Delivery,,,,csv,False,,49516.0,Philips,,,"1,000+",4.5-5
office chair ergonomic,Boat office chair ergonomic Model 912,13315.0,,2.7,3479,Amazon,,2 Days,,,,csv,False,,13315.0,Boat,,,"1,000+",Under 3
men running shoes,HP men running shoes Model 889,46591.0,,5.0,4088,Flipkart,,5 Days,,,,csv,False,,46591.0,HP,,,"1,000+",4.5-5
microwave oven convection,Philips microwave oven convection Model 811,265610.0,,4.3,4360,Croma,,2 Days,,,,csv,False,,265610.0,Philips,,,"1,000+",4-4.49
air fryer india,Philips air fryer India Model 811,24354.0,,2.7,3500,Reliance Digital,,2 Days,,,,csv,False,,24354.0,Philips,,,"1,000+",Under 3
microwave oven convection,Puma microwave oven convection Model 599,25806.0,,4.3,2331,Flipkart,,Free Delivery,,,,csv,False,,25806.0,Puma,,,"1,000+",4-4.49
air fryer india,HP air fryer India Model 506,5202.0,,3.6,2195,Croma,,2 Days,,,,csv,False,,5202.0,HP,,,"1,000+",3-3.99
microwave oven convection,Samsung microwave oven convection Model 571,10268.0,,4.7,3228,Flipkart,,2 Days,,,,csv,False,,10268.0,Samsung,,,"1,000+",4.5-5
air fryer india,HP air fryer India Model 838,47909.0,,4.6,2214,Amazon,,5 Days,,,,csv,False,,47909.0,HP,,,"1,000+",4.5-5
air fryer india,Sony air fryer India Model 333,24365.0,,3.3,609,Croma,,Free Delivery,,,,csv,True,,24365.0,Sony,,,"1,000+",3-3.99
air fryer india,Puma air fryer India Model 766,5958.0,,3.4,494,Flipkart,,2 Days,,,,csv,False,,5958.0,Puma,,,"1,000+",3-3.99
men running shoes,Dell men running shoes Model 874,10730.0,,2.5,1422,Reliance Digital,,2 Days,,,,csv,False,,10730.0,Dell,,,"1,000+",Under 3
men running shoes,Philips men running shoes Model 202,14611.0,,2.7,4839,Croma,,Free Delivery,,,,csv,False,,14611.0,Philips,,,"1,000+",Under 3
power bank fast charging,Boat power bank fast charging Model 718,32604.0,,3.8,2491,Croma,,Free Delivery,,,,csv,False,,32604.0,Boat,,,"1,000+",3-3.99
men running shoes,Philips men running shoes Model 793,9884.0,,3.1,1285,Croma,,Free Delivery,,,,csv,False,,9884.0,Philips,,,"1,000+",3-3.99
microwave oven convection,Nike microwave oven convection Model 519,24180.5,,4.7,3824,Flipkart,,2 Days,,,,csv,True,,24180.5,Nike,,,"1,000+",4.5-5
office chair ergonomic,Dell office chair ergonomic Model 304,19464.0,,,1826,Amazon,,5 Days,,,,csv,False,,19464.0,Dell,,,"1,000+",Unknown
microwave oven convection,Boat microwave oven convection Model 657,37648.0,,3.6,249,Croma,,2 Days,,,,csv,False,,37648.0,Boat,,,"1,000+",3-3.99
office chair ergonomic,Samsung office chair ergonomic Model 705,42565.0,,,1017,Amazon,,Free Delivery,,,,csv,False,,42565.0,Samsung,,,"1,000+",Unknown
power bank fast charging,LG power bank fast charging Model 718,39901.0,,3.2,2296,Reliance Digital,,5 Days,,,,csv,False,,39901.0,LG,,,"1,000+",3-3.99
power bank fast charging,Dell power bank fast charging Model 936,45006.0,,4.1,3694,Flipkart,,5 Days,,,,csv,False,,45006.0,Dell,,,"1,000+",4-4.49
microwave oven convection,Boat microwave oven convection Model 652,24180.5,,4.0,1801,Amazon,,Free Delivery,,,,csv,True,,24180.5,Boat,,,"1,000+",4-4.49
microwave oven convection,Puma microwave oven convection Model 435,13475.0,,4.5,1862,Amazon,,Free Delivery,,,,csv,False,,13475.0,Puma,,,"1,000+",4.5-5
power bank fast charging,HP power bank fast charging Model 544,2627.0,,4.7,512,Amazon,,Free Delivery,,,,csv,False,,2627.0,HP,,,"1,000+",4.5-5
office chair ergonomic,Boat office chair ergonomic Model 509,7810.0,,2.9,3143,Croma,,2 Days,,,,csv,False,,7810.0,Boat,,,"1,000+",Under 3
air fryer india,HP air fryer India Model 624,24365.0,,4.3,1573,Flipkart,,2 Days,,,,csv,True,,24365.0,HP,,,"1,000+",4-4.49
power bank fast charging,Nike power bank fast charging Model 863,39057.0,,4.1,1310,Reliance Digital,,5 Days,,,,csv,False,,39057.0,Nike,,,"1,000+",4-4.49
air fryer india,Samsung air fryer India Model 438,24365.0,,4.6,1497,Flipkart,,Free Delivery,,,,csv,True,,24365.0,Samsung,,,"1,000+",4.5-5
microwave oven convection,Nike microwave oven convection Model 798,13302.0,,3.0,4736,Croma,,Free Delivery,,,,csv,False,,13302.0,Nike,,,"1,000+",3-3.99
office chair ergonomic,LG office chair ergonomic Model 482,27778.0,,3.7,1253,Flipkart,,2 Days,,,,csv,False,,27778.0,LG,,,"1,000+",3-3.99
men running shoes,Dell men running shoes Model 980,26143.0,,4.3,3563,Amazon,,Free Delivery,,,,csv,False,,26143.0,Dell,,,"1,000+",4-4.49
men running shoes,Samsung men running shoes Model 804,37654.0,,2.9,4091,Reliance Digital,,5 Days,,,,csv,False,,37654.0,Samsung,,,"1,000+",Under 3
power bank fast charging,LG power bank fast charging Model 629,17478.0,,3.8,835,Reliance Digital,,2 Days,,,,csv,False,,17478.0,LG,,,"1,000+",3-3.99
power bank fast charging,Philips power bank fast charging Model 367,27396.0,,3.1,587,Flipkart,,5 Days,,,,csv,True,,27396.0,Philips,,,"1,000+",3-3.99
air fryer india,Puma air fryer India Model 888,32658.0,,3.4,3151,Reliance Digital,,Free Delivery,,,,csv,False,,32658.0,Puma,,,"1,000+",3-3.99
power bank fast charging,Sony power bank fast charging Model 453,33355.0,,3.6,1888,Amazon,,5 Days,,,,csv,False,,33355.0,Sony,,,"1,000+",3-3.99
air fryer india,Sony air fryer India Model 957,39483.0,,3.6,3781,Flipkart,,2 Days,,,,csv,False,,39483.0,Sony,,,"1,000+",3-3.99
air fryer india,Dell air fryer India Model 753,6992.0,,4.4,1002,Flipkart,,2 Days,,,,csv,False,,6992.0,Dell,,,"1,000+",4-4.49
office chair ergonomic,Sony office chair ergonomic Model 657,41830.0,,3.5,660,Reliance Digital,,2 Days,,,,csv,False,,41830.0,Sony,,,"1,000+",3-3.99
microwave oven convection,Sony microwave oven convection Model 482,7782.0,,3.3,2054,Croma,,2 Days,,,,csv,False,,7782.0,Sony,,,"1,000+",3-3.99
office chair ergonomic,Philips office chair ergonomic Model 288,25335.0,,3.6,4383,Reliance Digital,,5 Days,,,,csv,True,,25335.0,Philips,,,"1,000+",3-3.99
office chair ergonomic,Philips office chair ergonomic Model 414,12081.0,,3.2,1965,Amazon,,Free Delivery,,,,csv,False,,12081.0,Philips,,,"1,000+",3-3.99
men running shoes,Sony men running shoes Model 620,27675.0,,2.8,2671,Flipkart,,2 Days,,,,csv,False,,27675.0,Sony,,,"1,000+",Under 3
air fryer india,HP air fryer India Model 412,24365.0,,4.5,1293,Croma,,5 Days,,,,csv,True,,24365.0,HP,,,"1,000+",4.5-5
air fryer india,Samsung air fryer India Model 295,24365.0,,,,Reliance Digital,,2 Days,,,,csv,True,,24365.0,Samsung,,,"1,000+",Unknown
men running shoes,LG men running shoes Model 675,8539.0,,2.8,1189,Reliance Digital,,2 Days,,,,csv,False,,8539.0,LG,,,"1,000+",Under 3
office chair ergonomic,Nike office chair ergonomic Model 559,25335.0,,3.7,3147,Reliance Digital,,2 Days,,,,csv,True,,25335.0,Nike,,,"1,000+",3-3.99
air fryer india,Puma air fryer India Model 882,24365.0,,,4009,Flipkart,,Free Delivery,,,,csv,True,,24365.0,Puma,,,"1,000+",Unknown
office chair ergonomic,Nike office chair ergonomic Model 213,38033.0,,3.0,2660,Croma,,Free Delivery,,,,csv,False,,38033.0,Nike,,,"1,000+",3-3.99
microwave oven convection,HP microwave oven convection Model 317,36440.0,,3.3,3468,Reliance Digital,,Free Delivery,,,,csv,False,,36440.0,HP,,,"1,000+",3-3.99
office chair ergonomic,HP office chair ergonomic Model 478,25335.0,,3.5,89,Croma,,5 Days,,,,csv,True,,25335.0,HP,,,"1,000+",3-3.99
office chair ergonomic,Nike office chair ergonomic Model 206,7079.0,,3.8,3238,Amazon,,Free Delivery,,,,csv,False,,7079.0,Nike,,,"1,000+",3-3.99
office chair ergonomic,LG office chair ergonomic Model 859,44020.0,,3.4,4622,Reliance Digital,,Free Delivery,,,,csv,False,,44020.0,LG,,,"1,000+",3-3.99
power bank fast charging,HP power bank fast charging Model 880,48374.0,,,2179,Reliance Digital,,2 Days,,,,csv,False,,48374.0,HP,,,"1,000+",Unknown
office chair ergonomic,Nike office chair ergonomic Model 716,6599.0,,4.4,1617,Flipkart,,Free Delivery,,,,csv,False,,6599.0,Nike,,,"1,000+",4-4.49
men running shoes,Nike men running shoes Model 830,14871.0,,4.6,187,Amazon,,2 Days,,,,csv,False,,14871.0,Nike,,,"1,000+",4.5-5
office chair ergonomic,Boat office chair ergonomic Model 688,2783.0,,3.1,1997,Reliance Digital,,5 Days,,,,csv,False,,2783.0,Boat,,,"1,000+",3-3.99
power bank fast charging,Philips power bank fast charging Model 262,20128.0,,4.6,1331,Reliance Digital,,2 Days,,,,csv,False,,20128.0,Philips,,,"1,000+",4.5-5
power bank fast charging,Boat power bank fast charging Model 942,42017.0,,3.2,4463,Reliance Digital,,Free Delivery,,,,csv,False,,42017.0,Boat,,,"1,000+",3-3.99
air fryer india,Dell air fryer India Model 679,41000.0,,3.0,4008,Flipkart,,Free Delivery,,,,csv,False,,41000.0,Dell,,,"1,000+",3-3.99
power bank fast charging,Samsung power bank fast charging Model 221,27396.0,,2.7,4394,Croma,,5 Days,,,,csv,True,,27396.0,Samsung,,,"1,000+",Under 3
office chair ergonomic,Philips office chair ergonomic Model 808,25335.0,,5.0,3347,Amazon,,2 Days,,,,csv,True,,25335.0,Philips,,,"1,000+",4.5-5
air fryer india,Sony air fryer India Model 449,37450.0,,2.6,4046,Reliance Digital,,Free Delivery,,,,csv,False,,37450.0,Sony,,,"1,000+",Under 3
air fryer india,Samsung air fryer India Model 811,8748.0,,3.9,,Amazon,,2 Days,,,,csv,False,,8748.0,Samsung,,,"1,000+",3-3.99
microwave oven convection,Boat microwave oven convection Model 555,40310.0,,3.7,,Croma,,5 Days,,,,csv,False,,40310.0,Boat,,,"1,000+",3-3.99
men running shoes,Samsung men running shoes Model 152,22398.0,,4.5,4319,Flipkart,,2 Days,,,,csv,True,,22398.0,Samsung,,,"1,000+",4.5-5
power bank fast charging,Sony power bank fast charging Model 485,14257.0,,3.3,4586,Flipkart,,5 Days,,,,csv,False,,14257.0,Sony,,,"1,000+",3-3.99
office chair ergonomic,Boat office chair ergonomic Model 957,30490.0,,2.9,4951,Flipkart,,5 Days,,,,csv,False,,30490.0,Boat,,,"1,000+",Under 3
power bank fast charging,Philips power bank fast charging Model 713,33479.0,,3.5,1868,Croma,,5 Days,,,,csv,False,,33479.0,Philips,,,"1,000+",3-3.99
power bank fast charging,Samsung power bank fast charging Model 126,27396.0,,4.7,3626,Reliance Digital,,Free Delivery,,,,csv,True,,27396.0,Samsung,,,"1,000+",4.5-5
air fryer india,Philips air fryer India Model 632,24365.0,,3.1,741,Amazon,,2 Days,,,,csv,True,,24365.0,Philips,,,"1,000+",3-3.99
men running shoes,Philips men running shoes Model 197,16859.0,,2.9,3991,Amazon,,5 Days,,,,csv,False,,16859.0,Philips,,,"1,000+",Under 3
men running shoes,Boat men running shoes Model 599,38659.0,,4.1,3508,Flipkart,,5 Days,,,,csv,False,,38659.0,Boat,,,"1,000+",4-4.49
men running shoes,HP men running shoes Model 842,36141.0,,4.4,523,Croma,,2 Days,,,,csv,False,,36141.0,HP,,,"1,000+",4-4.49
office chair ergonomic,Dell office chair ergonomic Model 675,39908.0,,,1019,Amazon,,2 Days,,,,csv,False,,39908.0,Dell,,,"1,000+",Unknown
microwave oven convection,Dell microwave oven convection Model 991,2702.0,,4.1,1510,Amazon,,Free Delivery,,,,csv,False,,2702.0,Dell,,,"1,000+",4-4.49
office chair ergonomic,Dell office chair ergonomic Model 968,27549.0,,3.7,1702,Amazon,,2 Days,,,,csv,False,,27549.0,Dell,,,"1,000+",3-3.99
office chair ergonomic,Philips office chair ergonomic Model 629,32891.0,,,2641,Flipkart,,Free Delivery,,,,csv,False,,32891.0,Philips,,,"1,000+",Unknown
men running shoes,LG men running shoes Model 114,22398.0,,2.7,2202,Reliance Digital,,2 Days,,,,csv,True,,22398.0,LG,,,"1,000+",Under 3
microwave oven convection,HP microwave oven convection Model 573,31490.0,,3.1,3081,Amazon,,2 Days,,,,csv,False,,31490.0,HP,,,"1,000+",3-3.99
men running shoes,LG men running shoes Model 141,4134.0,,3.5,2553,Reliance Digital,,2 Days,,,,csv,False,,4134.0,LG,,,"1,000+",3-3.99
men running shoes,LG men running shoes Model 731,48627.0,,4.0,2347,Reliance Digital,,2 Days,,,,csv,False,,48627.0,LG,,,"1,000+",4-4.49
microwave oven convection,Sony microwave oven convection Model 676,41297.0,,4.3,2957,Croma,,5 Days,,,,csv,False,,41297.0,Sony,,,"1,000+",4-4.49
men running shoes,Boat men running shoes Model 946,39259.0,,3.6,3308,Amazon,,2 Days,,,,csv,False,,39259.0,Boat,,,"1,000+",3-3.99
men running shoes,Boat men running shoes Model 401,22398.0,,4.4,3883,Reliance Digital,,Free Delivery,,,,csv,True,,22398.0,Boat,,,"1,000+",4-4.49
men running shoes,Dell men running shoes Model 200,4014.0,,3.4,3811,Flipkart,,2 Days,,,,csv,False,,4014.0,Dell,,,"1,000+",3-3.99
power bank fast charging,Samsung power bank fast charging Model 878,9900.0,,3.4,3076,Croma,,5 Days,,,,csv,False,,9900.0,Samsung,,,"1,000+",3-3.99
air fryer india,Nike air fryer India Model 258,7313.0,,4.8,4820,Amazon,,5 Days,,,,csv,False,,7313.0,Nike,,,"1,000+",4.5-5
men running shoes,Dell men running shoes Model 244,23673.0,,4.5,3927,Croma,,2 Days,,,,csv,False,,23673.0,Dell,,,"1,000+",4.5-5
men running shoes,HP men running shoes Model 771,21140.0,,3.7,2215,Amazon,,5 Days,,,,csv,False,,21140.0,HP,,,"1,000+",3-3.99
microwave oven convection,Boat microwave oven convection Model 219,19893.0,,3.5,3165,Amazon,,5 Days,,,,csv,False,,19893.0,Boat,,,"1,000+",3-3.99
office chair ergonomic,Nike office chair ergonomic Model 852,25335.0,,2.6,,Reliance Digital,,2 Days,,,,csv,True,,25335.0,Nike,,,"1,000+",Under 3
microwave oven convection,Dell microwave oven convection Model 150,29474.0,,2.5,3901,Croma,,2 Days,,,,csv,False,,29474.0,Dell,,,"1,000+",Under 3
microwave oven convection,LG microwave oven convection Model 304,23499.0,,2.6,4843,Amazon,,2 Days,,,,csv,False,,23499.0,LG,,,"1,000+",Under 3
air fryer india,Dell air fryer India Model 406,580.0,,5.0,4288,Reliance Digital,,Free Delivery,,,,csv,False,,580.0,Dell,,,500-999.99,4.5-5
power bank fast charging,Samsung power bank fast charging Model 292,2027.0,,5.0,939,Amazon,,5 Days,,,,csv,False,,2027.0,Samsung,,,"1,000+",4.5-5
office chair ergonomic,LG office chair ergonomic Model 239,38994.0,,3.0,2868,Reliance Digital,,5 Days,,,,csv,False,,38994.0,LG,,,"1,000+",3-3.99
office chair ergonomic,Philips office chair ergonomic Model 666,31575.0,,5.0,1871,Reliance Digital,,2 Days,,,,csv,False,,31575.0,Philips,,,"1,000+",4.5-5
microwave oven convection,HP microwave oven convection Model 268,3182.0,,3.3,278,Flipkart,,Free Delivery,,,,csv,False,,3182.0,HP,,,"1,000+",3-3.99
men running shoes,Philips men running shoes Model 842,33315.0,,3.7,1768,Amazon,,Free Delivery,,,,csv,False,,33315.0,Philips,,,"1,000+",3-3.99
office chair ergonomic,Samsung office chair ergonomic Model 950,41261.0,,4.0,808,Flipkart,,5 Days,,,,csv,False,,41261.0,Samsung,,,"1,000+",4-4.49
power bank fast charging,HP power bank fast charging Model 514,23139.0,,3.5,3129,Amazon,,2 Days,,,,csv,False,,23139.0,HP,,,"1,000+",3-3.99
power bank fast charging,Boat power bank fast charging Model 872,41853.0,,3.9,762,Amazon,,2 Days,,,,csv,False,,41853.0,Boat,,,"1,000+",3-3.99
microwave oven convection,Puma microwave oven convection Model 666,12418.0,,3.5,4483,Reliance Digital,,Free Delivery,,,,csv,False,,12418.0,Puma,,,"1,000+",3-3.99
air fryer india,Nike air fryer India Model 114,509.0,,,3324,Reliance Digital,,2 Days,,,,csv,False,,509.0,Nike,,,500-999.99,Unknown
air fryer india,Dell air fryer India Model 326,21328.0,,4.5,2894,Amazon,,2 Days,,,,csv,False,,21328.0,Dell,,,"1,000+",4.5-5
office chair ergonomic,Puma office chair ergonomic Model 149,48111.0,,4.1,96,Croma,,Free Delivery,,,,csv,False,,48111.0,Puma,,,"1,000+",4-4.49
microwave oven convection,Nike microwave oven convection Model 989,33750.0,,3.1,4457,Reliance Digital,,Free Delivery,,,,csv,False,,33750.0,Nike,,,"1,000+",3-3.99
microwave oven convection,Puma microwave oven convection Model 243,7911.0,,4.3,3020,Reliance Digital,,2 Days,,,,csv,False,,7911.0,Puma,,,"1,000+",4-4.49
power bank fast charging,Boat power bank fast charging Model 254,4855.0,,4.8,2336,Reliance Digital,,Free Delivery,,,,csv,False,,4855.0,Boat,,,"1,000+",4.5-5
microwave oven convection,Philips microwave oven convection Model 132,110800.0,,3.8,4460,Croma,,Free Delivery,,,,csv,False,,110800.0,Philips,,,"1,000+",3-3.99
office chair ergonomic,Dell office chair ergonomic Model 448,44077.0,,5.0,4078,Flipkart,,Free Delivery,,,,csv,False,,44077.0,Dell,,,"1,000+",4.5-5
office chair ergonomic,Philips office chair ergonomic Model 849,5498.0,,2.9,1932,Amazon,,Free Delivery,,,,csv,False,,5498.0,Philips,,,"1,000+",Under 3
office chair ergonomic,Philips office chair ergonomic Model 137,10015.0,,,2426,Flipkart,,Free Delivery,,,,csv,False,,10015.0,Philips,,,"1,000+",Unknown
power bank fast charging,Philips power bank fast charging Model 586,27396.0,,2.9,1312,Flipkart,,5 Days,,,,csv,True,,27396.0,Philips,,,"1,000+",Under 3
men running shoes,Puma men running shoes Model 575,24405.0,,3.2,3131,Reliance Digital,,Free Delivery,,,,csv,False,,24405.0,Puma,,,"1,000+",3-3.99
men running shoes,LG men running shoes Model 503,13904.0,,3.7,3400,Croma,,2 Days,,,,csv,False,,13904.0,LG,,,"1,000+",3-3.99
air fryer india,HP air fryer India Model 491,12698.0,,,3540,Reliance Digital,,Free Delivery,,,,csv,False,,12698.0,HP,,,"1,000+",Unknown
men running shoes,Dell men running shoes Model 997,12597.0,,4.2,3096,Amazon,,5 Days,,,,csv,False,,12597.0,Dell,,,"1,000+",4-4.49
microwave oven convection,LG microwave oven convection Model 638,4845.0,,4.5,2320,Croma,,5 Days,,,,csv,False,,4845.0,LG,,,"1,000+",4.5-5
men running shoes,Dell men running shoes Model 968,22398.0,,3.1,1233,Reliance Digital,,2 Days,,,,csv,True,,22398.0,Dell,,,"1,000+",3-3.99
power bank fast charging,Dell power bank fast charging Model 238,15091.0,,4.1,1955,Croma,,Free Delivery,,,,csv,False,,15091.0,Dell,,,"1,000+",4-4.49
office chair ergonomic,LG office chair ergonomic Model 100,7656.0,,4.7,778,Croma,,5 Days,,,,csv,False,,7656.0,LG,,,"1,000+",4.5-5
air fryer india,Nike air fryer India Model 886,242370.0,,4.7,745,Flipkart,,5 Days,,,,csv,False,,242370.0,Nike,,,"1,000+",4.5-5
air fryer india,LG air fryer India Model 521,3501.0,,2.7,4874,Flipkart,,2 Days,,,,csv,False,,3501.0,LG,,,"1,000+",Under 3
office chair ergonomic,Samsung office chair ergonomic Model 134,2841.0,,3.7,3132,Croma,,5 Days,,,,csv,False,,2841.0,Samsung,,,"1,000+",3-3.99
men running shoes,Philips men running shoes Model 661,4516.0,,4.6,1771,Flipkart,,2 Days,,,,csv,False,,4516.0,Philips,,,"1,000+",4.5-5
microwave oven convection,Puma microwave oven convection Model 387,27730.0,,2.7,3521,Croma,,5 Days,,,,csv,False,,27730.0,Puma,,,"1,000+",Under 3
air fryer india,Philips air fryer India Model 575,1010.0,,3.3,2030,Flipkart,,2 Days,,,,csv,False,,1010.0,Philips,,,"1,000+",3-3.99
power bank fast charging,HP power bank fast charging Model 829,21387.0,,3.4,3884,Reliance Digital,,5 Days,,,,csv,False,,21387.0,HP,,,"1,000+",3-3.99
microwave oven convection,Sony microwave oven convection Model 479,229950.0,,4.3,594,Reliance Digital,,Free Delivery,,,,csv,False,,229950.0,Sony,,,"1,000+",4-4.49
office chair ergonomic,HP office chair ergonomic Model 981,10915.0,,3.5,2068,Amazon,,Free Delivery,,,,csv,False,,10915.0,HP,,,"1,000+",3-3.99
power bank fast charging,HP power bank fast charging Model 839,37507.0,,,574,Flipkart,,2 Days,,,,csv,False,,37507.0,HP,,,"1,000+",Unknown
air fryer india,Boat air fryer India Model 227,31390.0,,2.8,1021,Flipkart,,Free Delivery,,,,csv,False,,31390.0,Boat,,,"1,000+",Under 3
power bank fast charging,HP power bank fast charging Model 322,22563.0,,4.2,658,Croma,,Free Delivery,,,,csv,False,,22563.0,HP,,,"1,000+",4-4.49
air fryer india,Samsung air fryer India Model 435,24365.0,,,1347,Reliance Digital,,2 Days,,,,csv,True,,24365.0,Samsung,,,"1,000+",Unknown
microwave oven convection,Nike microwave oven convection Model 591,23074.0,,4.1,4557,Flipkart,,2 Days,,,,csv,False,,23074.0,Nike,,,"1,000+",4-4.49
office chair ergonomic,Puma office chair ergonomic Model 795,32346.0,,,15,Flipkart,,5 Days,,,,csv,False,,32346.0,Puma,,,"1,000+",Unknown
microwave oven convection,HP microwave oven convection Model 801,1014.0,,4.8,556,Flipkart,,5 Days,,,,csv,False,,1014.0,HP,,,"1,000+",4.5-5
microwave oven convection,Dell microwave oven convection Model 797,24180.5,,,3318,Flipkart,,5 Days,,,,csv,True,,24180.5,Dell,,,"1,000+",Unknown
office chair ergonomic,Samsung office chair ergonomic Model 182,21133.0,,2.9,2149,Reliance Digital,,5 Days,,,,csv,False,,21133.0,Samsung,,,"1,000+",Under 3
air fryer india,Puma air fryer India Model 123,40736.0,,4.9,4282,Amazon,,Free Delivery,,,,csv,False,,40736.0,Puma,,,"1,000+",4.5-5
air fryer india,Samsung air fryer India Model 923,20041.0,,4.6,1686,Reliance Digital,,Free Delivery,,,,csv,False,,20041.0,Samsung,,,"1,000+",4.5-5
office chair ergonomic,Dell office chair ergonomic Model 771,27544.0,,4.4,923,Flipkart,,5 Days,,,,csv,False,,27544.0,Dell,,,"1,000+",4-4.49
air fryer india,Samsung air fryer India Model 992,27560.0,,4.8,982,Flipkart,,Free Delivery,,,,csv,False,,27560.0,Samsung,,,"1,000+",4.5-5
office chair ergonomic,LG office chair ergonomic Model 452,44069.0,,4.5,563,Reliance Digital,,2 Days,,,,csv,False,,44069.0,LG,,,"1,000+",4.5-5
men running shoes,Dell men running shoes Model 605,5013.0,,,511,Flipkart,,Free Delivery,,,,csv,False,,5013.0,Dell,,,"1,000+",Unknown
power bank fast charging,Philips power bank fast charging Model 289,13988.0,,3.7,694,Croma,,2 Days,,,,csv,False,,13988.0,Philips,,,"1,000+",3-3.99
men running shoes,Samsung men running shoes Model 544,10486.0,,2.7,2100,Reliance Digital,,5 Days,,,,csv,False,,10486.0,Samsung,,,"1,000+",Under 3
power bank fast charging,Samsung power bank fast charging Model 407,27396.0,,3.0,384,Reliance Digital,,5 Days,,,,csv,True,,27396.0,Samsung,,,"1,000+",3-3.99
microwave oven convection,Sony microwave oven convection Model 712,24180.5,,3.0,2924,Croma,,Free Delivery,,,,csv,True,,24180.5,Sony,,,"1,000+",3-3.99
air fryer india,Puma air fryer India Model 487,24376.0,,2.7,2426,Croma,,2 Days,,,,csv,False,,24376.0,Puma,,,"1,000+",Under 3
office chair ergonomic,Puma office chair ergonomic Model 894,16173.0,,,3831,Reliance Digital,,5 Days,,,,csv,False,,16173.0,Puma,,,"1,000+",Unknown
men running shoes,Dell men running shoes Model 708,21749.0,,4.4,3471,Croma,,2 Days,,,,csv,False,,21749.0,Dell,,,"1,000+",4-4.49
air fryer india,Dell air fryer India Model 411,2793.0,,4.1,804,Flipkart,,Free Delivery,,,,csv,False,,2793.0,Dell,,,"1,000+",4-4.49
air fryer india,Samsung air fryer India Model 307,28309.0,,,2822,Reliance Digital,,5 Days,,,,csv,False,,28309.0,Samsung,,,"1,000+",Unknown
microwave oven convection,LG microwave oven convection Model 544,41392.0,,4.9,4441,Reliance Digital,,Free Delivery,,,,csv,False,,41392.0,LG,,,"1,000+",4.5-5
men running shoes,Dell men running shoes Model 229,49252.0,,2.5,612,Croma,,Free Delivery,,,,csv,False,,49252.0,Dell,,,"1,000+",Under 3
power bank fast charging,HP power bank fast charging Model 954,18558.0,,3.1,2253,Flipkart,,5 Days,,,,csv,False,,18558.0,HP,,,"1,000+",3-3.99
men running shoes,Samsung men running shoes Model 521,15845.0,,3.7,1366,Reliance Digital,,5 Days,,,,csv,False,,15845.0,Samsung,,,"1,000+",3-3.99
microwave oven convection,Nike microwave oven convection Model 578,42039.0,,2.9,3804,Reliance Digital,,5 Days,,,,csv,False,,42039.0,Nike,,,"1,000+",Under 3
air fryer india,HP air fryer India Model 965,21550.0,,,3219,Reliance Digital,,5 Days,,,,csv,False,,21550.0,HP,,,"1,000+",Unknown
air fryer india,Boat air fryer India Model 677,31799.0,,4.5,1392,Flipkart,,2 Days,,,,csv,False,,31799.0,Boat,,,"1,000+",4.5-5
air fryer india,HP air fryer India Model 976,12662.0,,,1032,Flipkart,,5 Days,,,,csv,False,,12662.0,HP,,,"1,000+",Unknown
power bank fast charging,LG power bank fast charging Model 916,36164.0,,4.2,582,Croma,,5 Days,,,,csv,False,,36164.0,LG,,,"1,000+",4-4.49
air fryer india,Boat air fryer India Model 950,35032.0,,3.9,2261,Reliance Digital,,2 Days,,,,csv,False,,35032.0,Boat,,,"1,000+",3-3.99
men running shoes,LG men running shoes Model 509,320280.0,,2.9,3271,Amazon,,Free Delivery,,,,csv,False,,320280.0,LG,,,"1,000+",Under 3
office chair ergonomic,Nike office chair ergonomic Model 411,11726.0,,4.3,3164,Croma,,5 Days,,,,csv,False,,11726.0,Nike,,,"1,000+",4-4.49
office chair ergonomic,Boat office chair ergonomic Model 710,8682.0,,4.5,3068,Flipkart,,Free Delivery,,,,csv,False,,8682.0,Boat,,,"1,000+",4.5-5
air fryer india,Samsung air fryer India Model 217,24365.0,,4.2,4838,Flipkart,,5 Days,,,,csv,True,,24365.0,Samsung,,,"1,000+",4-4.49
men running shoes,Boat men running shoes Model 728,22398.0,,2.6,4871,Croma,,Free Delivery,,,,csv,True,,22398.0,Boat,,,"1,000+",Under 3
men running shoes,Puma men running shoes Model 718,22398.0,,2.7,3002,Reliance Digital,,Free Delivery,,,,csv,True,,22398.0,Puma,,,"1,000+",Under 3
office chair ergonomic,Philips office chair ergonomic Model 400,25335.0,,4.6,3440,Flipkart,,5 Days,,,,csv,True,,25335.0,Philips,,,"1,000+",4.5-5
power bank fast charging,HP power bank fast charging Model 949,27396.0,,3.6,4390,Reliance Digital,,2 Days,,,,csv,True,,27396.0,HP,,,"1,000+",3-3.99
men running shoes,LG men running shoes Model 951,32489.0,,4.7,1071,Croma,,2 Days,,,,csv,False,,32489.0,LG,,,"1,000+",4.5-5
microwave oven convection,LG microwave oven convection Model 223,16266.0,,2.6,841,Flipkart,,2 Days,,,,csv,False,,16266.0,LG,,,"1,000+",Under 3
microwave oven convection,Sony microwave oven convection Model 208,3190.0,,3.7,3485,Reliance Digital,,Free Delivery,,,,csv,False,,3190.0,Sony,,,"1,000+",3-3.99
power bank fast charging,HP power bank fast charging Model 782,32123.0,,2.6,4498,Croma,,Free Delivery,,,,csv,False,,32123.0,HP,,,"1,000+",Under 3
office chair ergonomic,Philips office chair ergonomic Model 947,11703.0,,4.5,1804,Flipkart,,Free Delivery,,,,csv,False,,11703.0,Philips,,,"1,000+",4.5-5
microwave oven convection,Boat microwave oven convection Model 156,22013.0,,4.8,,Croma,,2 Days,,,,csv,False,,22013.0,Boat,,,"1,000+",4.5-5
microwave oven convection,Samsung microwave oven convection Model 262,24180.5,,,329,Amazon,,2 Days,,,,csv,True,,24180.5,Samsung,,,"1,000+",Unknown
air fryer india,Puma air fryer India Model 830,45999.0,,3.3,2092,Reliance Digital,,Free Delivery,,,,csv,False,,45999.0,Puma,,,"1,000+",3-3.99
microwave oven convection,Boat microwave oven convection Model 107,24180.5,,3.4,4732,Amazon,,5 Days,,,,csv,True,,24180.5,Boat,,,"1,000+",3-3.99
office chair ergonomic,Nike office chair ergonomic Model 711,39769.0,,4.9,1513,Reliance Digital,,Free Delivery,,,,csv,False,,39769.0,Nike,,,"1,000+",4.5-5
air fryer india,Puma air fryer India Model 299,13953.0,,3.8,762,Flipkart,,Free Delivery,,,,csv,False,,13953.0,Puma,,,"1,000+",3-3.99
air fryer india,Boat air fryer India Model 191,1312.0,,4.3,3015,Croma,,Free Delivery,,,,csv,False,,1312.0,Boat,,,"1,000+",4-4.49
air fryer india,Puma air fryer India Model 989,286470.0,,4.3,176,Amazon,,Free Delivery,,,,csv,False,,286470.0,Puma,,,"1,000+",4-4.49
men running shoes,Philips men running shoes Model 825,22398.0,,3.9,2097,Croma,,2 Days,,,,csv,True,,22398.0,Philips,,,"1,000+",3-3.99
power bank fast charging,Puma power bank fast charging Model 759,27396.0,,4.9,4497,Reliance Digital,,5 Days,,,,csv,True,,27396.0,Puma,,,"1,000+",4.5-5
men running shoes,Philips men running shoes Model 691,22398.0,,3.6,2998,Amazon,,Free Delivery,,,,csv,True,,22398.0,Philips,,,"1,000+",3-3.99
men running shoes,Puma men running shoes Model 682,31925.0,,4.1,504,Flipkart,,5 Days,,,,csv,False,,31925.0,Puma,,,"1,000+",4-4.49
power bank fast charging,Puma power bank fast charging Model 955,25138.0,,4.7,1783,Amazon,,2 Days,,,,csv,False,,25138.0,Puma,,,"1,000+",4.5-5
air fryer india,Dell air fryer India Model 426,25678.0,,4.1,3123,Flipkart,,Free Delivery,,,,csv,False,,25678.0,Dell,,,"1,000+",4-4.49
office chair ergonomic,Puma office chair ergonomic Model 306,238330.0,,2.6,293,Flipkart,,5 Days,,,,csv,False,,238330.0,Puma,,,"1,000+",Under 3
office chair ergonomic,Philips office chair ergonomic Model 358,27382.0,,4.2,2911,Amazon,,5 Days,,,,csv,False,,27382.0,Philips,,,"1,000+",4-4.49
power bank fast charging,Dell power bank fast charging Model 384,48358.0,,2.9,3901,Flipkart,,2 Days,,,,csv,False,,48358.0,Dell,,,"1,000+",Under 3
microwave oven convection,Dell microwave oven convection Model 261,29727.0,,4.5,729,Croma,,2 Days,,,,csv,False,,29727.0,Dell,,,"1,000+",4.5-5
men running shoes,HP men running shoes Model 481,22398.0,,3.4,,Croma,,2 Days,,,,csv,True,,22398.0,HP,,,"1,000+",3-3.99
men running shoes,HP men running shoes Model 580,383160.0,,4.0,3916,Amazon,,2 Days,,,,csv,False,,461640.0,HP,,,"1,000+",4-4.49
power bank fast charging,Nike power bank fast charging Model 349,40721.0,,3.6,2624,Croma,,Free Delivery,,,,csv,False,,40721.0,Nike,,,"1,000+",3-3.99
office chair ergonomic,Dell office chair ergonomic Model 197,5177.0,,3.6,764,Croma,,Free Delivery,,,,csv,False,,5177.0,Dell,,,"1,000+",3-3.99
air fryer india,Sony air fryer India Model 541,36843.0,,5.0,3896,Reliance Digital,,Free Delivery,,,,csv,False,,36843.0,Sony,,,"1,000+",4.5-5
office chair ergonomic,Samsung office chair ergonomic Model 914,39692.0,,2.5,3206,Reliance Digital,,2 Days,,,,csv,False,,39692.0,Samsung,,,"1,000+",Under 3
air fryer india,LG air fryer India Model 715,137250.0,,2.9,3483,Reliance Digital,,Free Delivery,,,,csv,False,,137250.0,LG,,,"1,000+",Under 3
air fryer india,Philips air fryer India Model 213,24365.0,,4.4,2655,Amazon,,2 Days,,,,csv,True,,24365.0,Philips,,,"1,000+",4-4.49
microwave oven convection,Samsung microwave oven convection Model 185,24180.5,,3.2,4994,Reliance Digital,,2 Days,,,,csv,True,,24180.5,Samsung,,,"1,000+",3-3.99
microwave oven convection,Puma microwave oven convection Model 932,43698.0,,4.6,933,Croma,,5 Days,,,,csv,False,,43698.0,Puma,,,"1,000+",4.5-5
office chair ergonomic,Sony office chair ergonomic Model 161,45347.0,,4.5,1603,Amazon,,5 Days,,,,csv,False,,45347.0,Sony,,,"1,000+",4.5-5
microwave oven convection,LG microwave oven convection Model 410,22679.0,,,2444,Reliance Digital,,Free Delivery,,,,csv,False,,22679.0,LG,,,"1,000+",Unknown
air fryer india,Dell air fryer India Model 866,24365.0,,4.9,1352,Reliance Digital,,Free Delivery,,,,csv,True,,24365.0,Dell,,,"1,000+",4.5-5
office chair ergonomic,LG office chair ergonomic Model 829,48662.0,,4.2,771,Amazon,,2 Days,,,,csv,False,,48662.0,LG,,,"1,000+",4-4.49
power bank fast charging,Nike power bank fast charging Model 179,27819.0,,4.4,4685,Croma,,5 Days,,,,csv,False,,27819.0,Nike,,,"1,000+",4-4.49
air fryer india,LG air fryer India Model 766,14150.0,,3.9,4540,Flipkart,,5 Days,,,,csv,False,,14150.0,LG,,,"1,000+",3-3.99
air fryer india,LG air fryer India Model 734,12278.0,,3.7,3022,Flipkart,,Free Delivery,,,,csv,False,,12278.0,LG,,,"1,000+",3-3.99
men running shoes,Boat men running shoes Model 957,45374.0,,4.5,4979,Reliance Digital,,2 Days,,,,csv,False,,45374.0,Boat,,,"1,000+",4.5-5
office chair ergonomic,Nike office chair ergonomic Model 597,4149.0,,3.6,2704,Reliance Digital,,5 Days,,,,csv,False,,4149.0,Nike,,,"1,000+",3-3.99
office chair ergonomic,Sony office chair ergonomic Model 529,26090.0,,4.7,2527,Flipkart,,2 Days,,,,csv,False,,26090.0,Sony,,,"1,000+",4.5-5
microwave oven convection,Nike microwave oven convection Model 978,12578.0,,2.7,788,Flipkart,,2 Days,,,,csv,False,,12578.0,Nike,,,"1,000+",Under 3
power bank fast charging,Samsung power bank fast charging Model 302,289730.0,,3.3,1230,Croma,,Free Delivery,,,,csv,False,,289730.0,Samsung,,,"1,000+",3-3.99
microwave oven convection,HP microwave oven convection Model 563,25389.0,,3.8,1359,Flipkart,,Free Delivery,,,,csv,False,,25389.0,HP,,,"1,000+",3-3.99
office chair ergonomic,Boat office chair ergonomic Model 391,3892.0,,2.8,1107,Reliance Digital,,Free Delivery,,,,csv,False,,3892.0,Boat,,,"1,000+",Under 3
men running shoes,Puma men running shoes Model 181,14503.0,,3.3,259,Amazon,,5 Days,,,,csv,False,,14503.0,Puma,,,"1,000+",3-3.99
office chair ergonomic,Nike office chair ergonomic Model 138,33684.0,,4.1,4006,Croma,,5 Days,,,,csv,False,,33684.0,Nike,,,"1,000+",4-4.49
men running shoes,Boat men running shoes Model 131,4525.0,,4.3,60,Amazon,,Free Delivery,,,,csv,False,,4525.0,Boat,,,"1,000+",4-4.49
air fryer india,Philips air fryer India Model 708,39908.0,,3.6,3101,Croma,,2 Days,,,,csv,False,,39908.0,Philips,,,"1,000+",3-3.99
microwave oven convection,HP microwave oven convection Model 837,11861.0,,4.4,1200,Amazon,,Free Delivery,,,,csv,False,,11861.0,HP,,,"1,000+",4-4.49
air fryer india,Philips air fryer India Model 898,1480.0,,4.4,4269,Croma,,Free Delivery,,,,csv,False,,1480.0,Philips,,,"1,000+",4-4.49
power bank fast charging,LG power bank fast charging Model 917,28909.0,,4.2,589,Reliance Digital,,2 Days,,,,csv,False,,28909.0,LG,,,"1,000+",4-4.49
power bank fast charging,LG power bank fast charging Model 462,35863.0,,2.6,3980,Amazon,,2 Days,,,,csv,False,,35863.0,LG,,,"1,000+",Under 3
air fryer india,LG air fryer India Model 363,10393.0,,3.5,3600,Croma,,2 Days,,,,csv,False,,10393.0,LG,,,"1,000+",3-3.99
power bank fast charging,Samsung power bank fast charging Model 274,40982.0,,2.7,1415,Flipkart,,Free Delivery,,,,csv,False,,40982.0,Samsung,,,"1,000+",Under 3
office chair ergonomic,Samsung office chair ergonomic Model 666,4203.0,,4.0,3908,Croma,,5 Days,,,,csv,False,,4203.0,Samsung,,,"1,000+",4-4.49
men running shoes,LG men running shoes Model 798,14557.0,,4.2,4101,Flipkart,,Free Delivery,,,,csv,False,,14557.0,LG,,,"1,000+",4-4.49
men running shoes,HP men running shoes Model 164,25568.0,,3.8,2404,Croma,,2 Days,,,,csv,False,,25568.0,HP,,,"1,000+",3-3.99
air fryer india,HP air fryer India Model 122,3007.0,,3.0,798,Flipkart,,Free Delivery,,,,csv,False,,3007.0,HP,,,"1,000+",3-3.99
office chair ergonomic,LG office chair ergonomic Model 249,25335.0,,4.5,4364,Flipkart,,5 Days,,,,csv,True,,25335.0,LG,,,"1,000+",4.5-5
power bank fast charging,Nike power bank fast charging Model 647,21053.0,,3.9,3385,Amazon,,2 Days,,,,csv,False,,21053.0,Nike,,,"1,000+",3-3.99
power bank fast charging,Nike power bank fast charging Model 586,42301.0,,4.6,1978,Flipkart,,Free Delivery,,,,csv,False,,42301.0,Nike,,,"1,000+",4.5-5
power bank fast charging,HP power bank fast charging Model 169,12817.0,,4.8,3939,Flipkart,,2 Days,,,,csv,False,,12817.0,HP,,,"1,000+",4.5-5
air fryer india,LG air fryer India Model 148,42752.0,,4.7,304,Amazon,,2 Days,,,,csv,False,,42752.0,LG,,,"1,000+",4.5-5
office chair ergonomic,LG office chair ergonomic Model 379,44740.0,,2.5,4236,Reliance Digital,,2 Days,,,,csv,False,,44740.0,LG,,,"1,000+",Under 3
microwave oven convection,Philips microwave oven convection Model 925,26739.0,,4.8,461,Reliance Digital,,2 Days,,,,csv,False,,26739.0,Philips,,,"1,000+",4.5-5
power bank fast charging,Nike power bank fast charging Model 403,40193.0,,4.9,4205,Amazon,,Free Delivery,,,,csv,False,,40193.0,Nike,,,"1,000+",4.5-5
office chair ergonomic,HP office chair ergonomic Model 389,12474.0,,5.0,1626,Amazon,,5 Days,,,,csv,False,,12474.0,HP,,,"1,000+",4.5-5
office chair ergonomic,Sony office chair ergonomic Model 476,49990.0,,4.9,1424,Croma,,2 Days,,,,csv,False,,49990.0,Sony,,,"1,000+",4.5-5
office chair ergonomic,Philips office chair ergonomic Model 550,25335.0,,4.6,2088,Amazon,,Free Delivery,,,,csv,True,,25335.0,Philips,,,"1,000+",4.5-5
men running shoes,LG men running shoes Model 597,6967.0,,,1700,Reliance Digital,,2 Days,,,,csv,False,,6967.0,LG,,,"1,000+",Unknown
office chair ergonomic,Puma office chair ergonomic Model 150,3938.0,,3.3,270,Amazon,,Free Delivery,,,,csv,False,,3938.0,Puma,,,"1,000+",3-3.99
office chair ergonomic,Boat office chair ergonomic Model 756,383160.0,,,665,Amazon,,2 Days,,,,csv,False,,405890.0,Boat,,,"1,000+",Unknown
office chair ergonomic,Philips office chair ergonomic Model 378,34748.0,,3.6,3627,Flipkart,,2 Days,,,,csv,False,,34748.0,Philips,,,"1,000+",3-3.99
microwave oven convection,Puma microwave oven convection Model 455,12233.0,,2.6,129,Flipkart,,2 Days,,,,csv,False,,12233.0,Puma,,,"1,000+",Under 3
office chair ergonomic,Samsung office chair ergonomic Model 472,98570.0,,,3938,Amazon,,2 Days,,,,csv,False,,98570.0,Samsung,,,"1,000+",Unknown
microwave oven convection,LG microwave oven convection Model 764,41983.0,,4.7,1505,Flipkart,,2 Days,,,,csv,False,,41983.0,LG,,,"1,000+",4.5-5
men running shoes,HP men running shoes Model 632,22398.0,,3.5,1442,Amazon,,5 Days,,,,csv,True,,22398.0,HP,,,"1,000+",3-3.99
power bank fast charging,Sony power bank fast charging Model 327,24058.0,,4.6,251,Croma,,5 Days,,,,csv,False,,24058.0,Sony,,,"1,000+",4.5-5
microwave oven convection,Puma microwave oven convection Model 155,13333.0,,5.0,14,Reliance Digital,,5 Days,,,,csv,False,,13333.0,Puma,,,"1,000+",4.5-5
air fryer india,LG air fryer India Model 541,21052.0,,2.8,3250,Amazon,,2 Days,,,,csv,False,,21052.0,LG,,,"1,000+",Under 3
men running shoes,Philips men running shoes Model 473,22398.0,,4.2,3085,Reliance Digital,,Free Delivery,,,,csv,True,,22398.0,Philips,,,"1,000+",4-4.49
power bank fast charging,Puma power bank fast charging Model 349,28673.0,,4.0,1584,Amazon,,2 Days,,,,csv,False,,28673.0,Puma,,,"1,000+",4-4.49
air fryer india,Boat air fryer India Model 971,12775.0,,4.0,2898,Reliance Digital,,Free Delivery,,,,csv,False,,12775.0,Boat,,,"1,000+",4-4.49
office chair ergonomic,Samsung office chair ergonomic Model 195,1336.0,,4.2,3413,Flipkart,,Free Delivery,,,,csv,False,,1336.0,Samsung,,,"1,000+",4-4.49
office chair ergonomic,Boat office chair ergonomic Model 668,1919.0,,2.9,1430,Croma,,2 Days,,,,csv,False,,1919.0,Boat,,,"1,000+",Under 3
microwave oven convection,Dell microwave oven convection Model 232,49064.0,,4.5,1963,Croma,,5 Days,,,,csv,False,,49064.0,Dell,,,"1,000+",4.5-5
office chair ergonomic,Samsung office chair ergonomic Model 196,45448.0,,3.1,465,Reliance Digital,,Free Delivery,,,,csv,False,,45448.0,Samsung,,,"1,000+",3-3.99
men running shoes,Nike men running shoes Model 539,22398.0,,2.7,685,Flipkart,,2 Days,,,,csv,False,,22398.0,Nike,,,"1,000+",Under 3
microwave oven convection,Philips microwave oven convection Model 148,383160.0,,3.8,4840,Reliance Digital,,Free Delivery,,,,csv,False,,402890.0,Philips,,,"1,000+",3-3.99
office chair ergonomic,Samsung office chair ergonomic Model 959,11870.0,,3.4,3887,Flipkart,,5 Days,,,,csv,False,,11870.0,Samsung,,,"1,000+",3-3.99
office chair ergonomic,Samsung office chair ergonomic Model 750,24312.0,,4.6,1105,Amazon,,2 Days,,,,csv,False,,24312.0,Samsung,,,"1,000+",4.5-5
men running shoes,LG men running shoes Model 770,34889.0,,3.4,51,Amazon,,5 Days,,,,csv,False,,34889.0,LG,,,"1,000+",3-3.99
air fryer india,HP air fryer India Model 401,37436.0,,,2306,Croma,,5 Days,,,,csv,False,,37436.0,HP,,,"1,000+",Unknown
office chair ergonomic,Dell office chair ergonomic Model 783,10831.0,,2.8,547,Croma,,2 Days,,,,csv,False,,10831.0,Dell,,,"1,000+",Under 3
power bank fast charging,Dell power bank fast charging Model 326,12582.0,,4.4,3935,Amazon,,5 Days,,,,csv,False,,12582.0,Dell,,,"1,000+",4-4.49
microwave oven convection,Puma microwave oven convection Model 288,49325.0,,4.8,1563,Amazon,,Free Delivery,,,,csv,False,,49325.0,Puma,,,"1,000+",4.5-5
microwave oven convection,Dell microwave oven convection Model 714,26693.0,,4.9,3601,Croma,,Free Delivery,,,,csv,False,,26693.0,Dell,,,"1,000+",4.5-5
men running shoes,Nike men running shoes Model 858,22398.0,,3.7,2110,Croma,,5 Days,,,,csv,True,,22398.0,Nike,,,"1,000+",3-3.99
power bank fast charging,Philips power bank fast charging Model 829,27396.0,,2.6,1456,Croma,,Free Delivery,,,,csv,True,,27396.0,Philips,,,"1,000+",Under 3
men running shoes,Nike men running shoes Model 627,31099.0,,3.8,3192,Reliance Digital,,2 Days,,,,csv,False,,31099.0,Nike,,,"1,000+",3-3.99
air fryer india,LG air fryer India Model 297,48610.0,,3.4,1148,Reliance Digital,,5 Days,,,,csv,False,,48610.0,LG,,,"1,000+",3-3.99
power bank fast charging,Puma power bank fast charging Model 354,239860.0,,,3870,Flipkart,,2 Days,,,,csv,False,,239860.0,Puma,,,"1,000+",Unknown
men running shoes,Samsung men running shoes Model 646,31537.0,,4.0,2188,Flipkart,,Free Delivery,,,,csv,False,,31537.0,Samsung,,,"1,000+",4-4.49
office chair ergonomic,Philips office chair ergonomic Model 759,40305.0,,3.9,4930,Croma,,2 Days,,,,csv,False,,40305.0,Philips,,,"1,000+",3-3.99
microwave oven convection,Samsung microwave oven convection Model 305,49682.0,,4.2,4064,Reliance Digital,,Free Delivery,,,,csv,False,,49682.0,Samsung,,,"1,000+",4-4.49
men running shoes,Boat men running shoes Model 740,18123.0,,4.5,1799,Reliance Digital,,5 Days,,,,csv,False,,18123.0,Boat,,,"1,000+",4.5-5
power bank fast charging,Philips power bank fast charging Model 373,31026.0,,4.5,,Reliance Digital,,2 Days,,,,csv,False,,31026.0,Philips,,,"1,000+",4.5-5
power bank fast charging,Philips power bank fast charging Model 481,3252.0,,4.4,4842,Amazon,,Free Delivery,,,,csv,False,,3252.0,Philips,,,"1,000+",4-4.49
power bank fast charging,HP power bank fast charging Model 232,6725.0,,3.9,800,Flipkart,,Free Delivery,,,,csv,False,,6725.0,HP,,,"1,000+",3-3.99
men running shoes,Puma men running shoes Model 151,22398.0,,2.9,741,Croma,,Free Delivery,,,,csv,True,,22398.0,Puma,,,"1,000+",Under 3
microwave oven convection,LG microwave oven convection Model 323,24180.5,,,1494,Flipkart,,Free Delivery,,,,csv,True,,24180.5,LG,,,"1,000+",Unknown
air fryer india,Dell air fryer India Model 476,19141.0,,4.1,4829,Amazon,,Free Delivery,,,,csv,False,,19141.0,Dell,,,"1,000+",4-4.49
office chair ergonomic,Puma office chair ergonomic Model 823,25335.0,,3.4,937,Amazon,,Free Delivery,,,,csv,True,,25335.0,Puma,,,"1,000+",3-3.99
microwave oven convection,Boat microwave oven convection Model 294,14590.0,,4.1,877,Flipkart,,5 Days,,,,csv,False,,14590.0,Boat,,,"1,000+",4-4.49
air fryer india,Dell air fryer India Model 696,24365.0,,3.3,1208,Flipkart,,Free Delivery,,,,csv,True,,24365.0,Dell,,,"1,000+",3-3.99
office chair ergonomic,Nike office chair ergonomic Model 378,8156.0,,4.8,1246,Croma,,5 Days,,,,csv,False,,8156.0,Nike,,,"1,000+",4.5-5
men running shoes,Samsung men running shoes Model 613,13410.0,,2.9,1987,Reliance Digital,,2 Days,,,,csv,False,,13410.0,Samsung,,,"1,000+",Under 3
microwave oven convection,Samsung microwave oven convection Model 714,24180.5,,3.8,4602,Flipkart,,Free Delivery,,,,csv,True,,24180.5,Samsung,,,"1,000+",3-3.99
men running shoes,Boat men running shoes Model 506,27212.0,,3.1,797,Croma,,2 Days,,,,csv,False,,27212.0,Boat,,,"1,000+",3-3.99
men running shoes,Dell men running shoes Model 106,30345.0,,4.7,1355,Amazon,,Free Delivery,,,,csv,False,,30345.0,Dell,,,"1,000+",4.5-5
air fryer india,HP air fryer India Model 726,40524.0,,4.7,95,Flipkart,,Free Delivery,,,,csv,False,,40524.0,HP,,,"1,000+",4.5-5
microwave oven convection,Nike microwave oven convection Model 140,2510.0,,4.5,4517,Croma,,Free Delivery,,,,csv,False,,2510.0,Nike,,,"1,000+",4.5-5
men running shoes,Puma men running shoes Model 934,42736.0,,3.8,500,Amazon,,5 Days,,,,csv,False,,42736.0,Puma,,,"1,000+",3-3.99
air fryer india,Boat air fryer India Model 433,30954.0,,4.2,746,Amazon,,5 Days,,,,csv,False,,30954.0,Boat,,,"1,000+",4-4.49
power bank fast charging,Dell power bank fast charging Model 185,13896.0,,3.9,963,Reliance Digital,,5 Days,,,,csv,False,,13896.0,Dell,,,"1,000+",3-3.99
microwave oven convection,HP microwave oven convection Model 639,4261.0,,2.7,2230,Flipkart,,5 Days,,,,csv,False,,4261.0,HP,,,"1,000+",Under 3
air fryer india,Nike air fryer India Model 536,8598.0,,3.3,1641,Croma,,5 Days,,,,csv,False,,8598.0,Nike,,,"1,000+",3-3.99
men running shoes,Puma men running shoes Model 476,48783.0,,2.7,3072,Flipkart,,Free Delivery,,,,csv,False,,48783.0,Puma,,,"1,000+",Under 3
men running shoes,Sony men running shoes Model 393,8312.0,,4.8,441,Croma,,Free Delivery,,,,csv,False,,8312.0,Sony,,,"1,000+",4.5-5
microwave oven convection,HP microwave oven convection Model 455,1099.0,,2.6,,Reliance Digital,,2 Days,,,,csv,False,,1099.0,HP,,,"1,000+",Under 3
men running shoes,Philips men running shoes Model 904,28926.0,,3.2,4894,Amazon,,2 Days,,,,csv,False,,28926.0,Philips,,,"1,000+",3-3.99
office chair ergonomic,Puma office chair ergonomic Model 559,200380.0,,4.1,1363,Croma,,Free Delivery,,,,csv,False,,200380.0,Puma,,,"1,000+",4-4.49
air fryer india,Boat air fryer India Model 881,44221.0,,,3337,Flipkart,,2 Days,,,,csv,False,,44221.0,Boat,,,"1,000+",Unknown
power bank fast charging,Boat power bank fast charging Model 685,13683.0,,4.5,2173,Croma,,2 Days,,,,csv,False,,13683.0,Boat,,,"1,000+",4.5-5
office chair ergonomic,Puma office chair ergonomic Model 296,12559.0,,4.4,2806,Reliance Digital,,Free Delivery,,,,csv,False,,12559.0,Puma,,,"1,000+",4-4.49
microwave oven convection,Puma microwave oven convection Model 195,12872.0,,4.4,629,Amazon,,5 Days,,,,csv,False,,12872.0,Puma,,,"1,000+",4-4.49
microwave oven convection,Boat microwave oven convection Model 919,27029.0,,4.6,4765,Croma,,5 Days,,,,csv,False,,27029.0,Boat,,,"1,000+",4.5-5
air fryer india,LG air fryer India Model 497,1734.0,,4.9,1240,Amazon,,Free Delivery,,,,csv,False,,1734.0,LG,,,"1,000+",4.5-5
men running shoes,Sony men running shoes Model 630,25956.0,,,3445,Amazon,,5 Days,,,,csv,False,,25956.0,Sony,,,"1,000+",Unknown
microwave oven convection,Boat microwave oven convection Model 727,16473.0,,,4296,Croma,,Free Delivery,,,,csv,False,,16473.0,Boat,,,"1,000+",Unknown
air fryer india,Dell air fryer India Model 238,8235.0,,3.0,351,Croma,,5 Days,,,,csv,False,,8235.0,Dell,,,"1,000+",3-3.99
microwave oven convection,Philips microwave oven convection Model 652,26565.0,,2.6,3497,Amazon,,2 Days,,,,csv,False,,26565.0,Philips,,,"1,000+",Under 3
microwave oven convection,Samsung microwave oven convection Model 126,29631.0,,3.6,531,Amazon,,2 Days,,,,csv,False,,29631.0,Samsung,,,"1,000+",3-3.99
men running shoes,Philips men running shoes Model 411,25279.0,,3.4,2261,Amazon,,5 Days,,,,csv,False,,25279.0,Philips,,,"1,000+",3-3.99
air fryer india,HP air fryer India Model 755,11309.0,,3.6,4502,Flipkart,,2 Days,,,,csv,False,,11309.0,HP,,,"1,000+",3-3.99
men running shoes,Samsung men running shoes Model 188,22398.0,,3.6,4555,Croma,,5 Days,,,,csv,True,,22398.0,Samsung,,,"1,000+",3-3.99
air fryer india,Dell air fryer India Model 243,18440.0,,2.6,3171,Amazon,,Free Delivery,,,,csv,False,,18440.0,Dell,,,"1,000+",Under 3
air fryer india,LG air fryer India Model 520,24365.0,,3.3,1279,Croma,,2 Days,,,,csv,True,,24365.0,LG,,,"1,000+",3-3.99
air fryer india,Samsung air fryer India Model 896,24365.0,,3.2,2853,Amazon,,2 Days,,,,csv,True,,24365.0,Samsung,,,"1,000+",3-3.99
office chair ergonomic,Boat office chair ergonomic Model 163,49391.0,,4.0,1681,Reliance Digital,,Free Delivery,,,,csv,False,,49391.0,Boat,,,"1,000+",4-4.49
men running shoes,Dell men running shoes Model 873,36201.0,,3.7,600,Flipkart,,5 Days,,,,csv,False,,36201.0,Dell,,,"1,000+",3-3.99
power bank fast charging,LG power bank fast charging Model 346,17711.0,,3.6,608,Croma,,2 Days,,,,csv,False,,17711.0,LG,,,"1,000+",3-3.99
power bank fast charging,Samsung power bank fast charging Model 316,29321.0,,3.8,2779,Amazon,,5 Days,,,,csv,False,,29321.0,Samsung,,,"1,000+",3-3.99
microwave oven convection,Philips microwave oven convection Model 381,24180.5,,4.4,4638,Croma,,5 Days,,,,csv,True,,24180.5,Philips,,,"1,000+",4-4.49
microwave oven convection,LG microwave oven convection Model 152,5102.0,,2.8,2118,Reliance Digital,,5 Days,,,,csv,False,,5102.0,LG,,,"1,000+",Under 3
microwave oven convection,HP microwave oven convection Model 770,1253.0,,3.6,1177,Flipkart,,5 Days,,,,csv,False,,1253.0,HP,,,"1,000+",3-3.99
microwave oven convection,Puma microwave oven convection Model 996,42455.0,,2.7,533,Croma,,2 Days,,,,csv,False,,42455.0,Puma,,,"1,000+",Under 3
power bank fast charging,Boat power bank fast charging Model 927,5855.0,,4.7,3908,Croma,,2 Days,,,,csv,False,,5855.0,Boat,,,"1,000+",4.5-5
men running shoes,LG men running shoes Model 260,7350.0,,3.8,2107,Amazon,,Free Delivery,,,,csv,False,,7350.0,LG,,,"1,000+",3-3.99
power bank fast charging,Nike power bank fast charging Model 112,27396.0,,4.9,1869,Reliance Digital,,Free Delivery,,,,csv,True,,27396.0,Nike,,,"1,000+",4.5-5
men running shoes,Samsung men running shoes Model 170,20645.0,,,679,Reliance Digital,,Free Delivery,,,,csv,False,,20645.0,Samsung,,,"1,000+",Unknown
air fryer india,Puma air fryer India Model 311,38802.0,,4.0,1316,Amazon,,5 Days,,,,csv,False,,38802.0,Puma,,,"1,000+",4-4.49
microwave oven convection,Dell microwave oven convection Model 924,1432.0,,4.8,2003,Croma,,2 Days,,,,csv,False,,1432.0,Dell,,,"1,000+",4.5-5
office chair ergonomic,Sony office chair ergonomic Model 493,25335.0,,3.5,252,Croma,,5 Days,,,,csv,False,,25335.0,Sony,,,"1,000+",3-3.99
air fryer india,Dell air fryer India Model 603,18674.0,,,4850,Amazon,,Free Delivery,,,,csv,False,,18674.0,Dell,,,"1,000+",Unknown
microwave oven convection,LG microwave oven convection Model 741,12854.0,,4.0,1502,Croma,,5 Days,,,,csv,False,,12854.0,LG,,,"1,000+",4-4.49
office chair ergonomic,Puma office chair ergonomic Model 946,27326.0,,4.4,3197,Amazon,,5 Days,,,,csv,False,,27326.0,Puma,,,"1,000+",4-4.49
office chair ergonomic,Sony office chair ergonomic Model 491,29394.0,,3.0,485,Flipkart,,5 Days,,,,csv,False,,29394.0,Sony,,,"1,000+",3-3.99
air fryer india,LG air fryer India Model 268,18575.0,,2.8,1910,Croma,,5 Days,,,,csv,False,,18575.0,LG,,,"1,000+",Under 3
power bank fast charging,Dell power bank fast charging Model 484,27396.0,,3.0,1454,Croma,,2 Days,,,,csv,True,,27396.0,Dell,,,"1,000+",3-3.99
air fryer india,Dell air fryer India Model 521,28686.0,,5.0,640,Flipkart,,Free Delivery,,,,csv,False,,28686.0,Dell,,,"1,000+",4.5-5
air fryer india,Samsung air fryer India Model 897,32149.0,,3.9,1417,Flipkart,,Free Delivery,,,,csv,False,,32149.0,Samsung,,,"1,000+",3-3.99
air fryer india,Samsung air fryer India Model 509,33415.0,,3.7,418,Croma,,2 Days,,,,csv,False,,33415.0,Samsung,,,"1,000+",3-3.99
office chair ergonomic,Puma office chair ergonomic Model 834,26972.0,,4.4,3119,Reliance Digital,,Free Delivery,,,,csv,False,,26972.0,Puma,,,"1,000+",4-4.49
office chair ergonomic,Sony office chair ergonomic Model 630,25335.0,,4.9,3572,Reliance Digital,,Free Delivery,,,,csv,True,,25335.0,Sony,,,"1,000+",4.5-5
air fryer india,Nike air fryer India Model 162,48988.0,,4.1,4559,Flipkart,,5 Days,,,,csv,False,,48988.0,Nike,,,"1,000+",4-4.49
men running shoes,Nike men running shoes Model 454,22398.0,,,2249,Reliance Digital,,Free Delivery,,,,csv,True,,22398.0,Nike,,,"1,000+",Unknown
microwave oven convection,HP microwave oven convection Model 594,2169.0,,,3203,Amazon,,Free Delivery,,,,csv,False,,2169.0,HP,,,"1,000+",Unknown
power bank fast charging,HP power bank fast charging Model 834,27396.0,,4.8,2734,Reliance Digital,,Free Delivery,,,,csv,True,,27396.0,HP,,,"1,000+",4.5-5
men running shoes,Boat men running shoes Model 987,22398.0,,4.4,1199,Amazon,,Free Delivery,,,,csv,True,,22398.0,Boat,,,"1,000+",4-4.49
air fryer india,Puma air fryer India Model 209,222300.0,,3.6,3271,Amazon,,Free Delivery,,,,csv,False,,222300.0,Puma,,,"1,000+",3-3.99
men running shoes,Boat men running shoes Model 581,22398.0,,2.9,3362,Amazon,,2 Days,,,,csv,True,,22398.0,Boat,,,"1,000+",Under 3
power bank fast charging,HP power bank fast charging Model 605,24658.0,,4.1,2491,Reliance Digital,,2 Days,,,,csv,False,,24658.0,HP,,,"1,000+",4-4.49
air fryer india,Boat air fryer India Model 535,33365.0,,3.6,1179,Amazon,,5 Days,,,,csv,False,,33365.0,Boat,,,"1,000+",3-3.99
men running shoes,Samsung men running shoes Model 931,22549.0,,2.9,2761,Flipkart,,5 Days,,,,csv,False,,22549.0,Samsung,,,"1,000+",Under 3
power bank fast charging,HP power bank fast charging Model 250,38959.0,,4.6,579,Reliance Digital,,2 Days,,,,csv,False,,38959.0,HP,,,"1,000+",4.5-5
microwave oven convection,Samsung microwave oven convection Model 788,28251.0,,3.3,4604,Amazon,,Free Delivery,,,,csv,False,,28251.0,Samsung,,,"1,000+",3-3.99
men running shoes,Boat men running shoes Model 420,26404.0,,3.9,718,Croma,,Free Delivery,,,,csv,False,,26404.0,Boat,,,"1,000+",3-3.99
air fryer india,Dell air fryer India Model 323,34760.0,,4.2,2520,Croma,,2 Days,,,,csv,False,,34760.0,Dell,,,"1,000+",4-4.49
microwave oven convection,Samsung microwave oven convection Model 354,16888.0,,2.9,1267,Reliance Digital,,5 Days,,,,csv,False,,16888.0,Samsung,,,"1,000+",Under 3
microwave oven convection,Philips microwave oven convection Model 565,28852.0,,,4195,Flipkart,,Free Delivery,,,,csv,False,,28852.0,Philips,,,"1,000+",Unknown
power bank fast charging,Samsung power bank fast charging Model 596,26397.0,,3.3,1033,Reliance Digital,,Free Delivery,,,,csv,False,,26397.0,Samsung,,,"1,000+",3-3.99
microwave oven convection,Nike microwave oven convection Model 845,46529.0,,4.7,1118,Flipkart,,5 Days,,,,csv,False,,46529.0,Nike,,,"1,000+",4.5-5
air fryer india,Puma air fryer India Model 818,4964.0,,4.1,732,Flipkart,,5 Days,,,,csv,False,,4964.0,Puma,,,"1,000+",4-4.49
air fryer india,Nike air fryer India Model 470,33735.0,,2.7,1710,Amazon,,2 Days,,,,csv,False,,33735.0,Nike,,,"1,000+",Under 3
men running shoes,LG men running shoes Model 990,22398.0,,4.0,1413,Croma,,5 Days,,,,csv,True,,22398.0,LG,,,"1,000+",4-4.49
men running shoes,Nike men running shoes Model 785,24799.0,,3.4,246,Flipkart,,5 Days,,,,csv,False,,24799.0,Nike,,,"1,000+",3-3.99
office chair ergonomic,Philips office chair ergonomic Model 755,9463.0,,,3340,Flipkart,,Free Delivery,,,,csv,False,,9463.0,Philips,,,"1,000+",Unknown
office chair ergonomic,Dell office chair ergonomic Model 884,7331.0,,4.1,2179,Reliance Digital,,Free Delivery,,,,csv,False,,7331.0,Dell,,,"1,000+",4-4.49
office chair ergonomic,Boat office chair ergonomic Model 172,28498.0,,,4784,Reliance Digital,,Free Delivery,,,,csv,False,,28498.0,Boat,,,"1,000+",Unknown
power bank fast charging,Sony power bank fast charging Model 154,33036.0,,,3288,Reliance Digital,,Free Delivery,,,,csv,False,,33036.0,Sony,,,"1,000+",Unknown
men running shoes,Boat men running shoes Model 762,18772.0,,3.4,347,Reliance Digital,,Free Delivery,,,,csv,False,,18772.0,Boat,,,"1,000+",3-3.99
power bank fast charging,Nike power bank fast charging Model 813,49195.0,,4.1,2711,Croma,,Free Delivery,,,,csv,False,,49195.0,Nike,,,"1,000+",4-4.49
microwave oven convection,LG microwave oven convection Model 306,8035.0,,4.7,4121,Reliance Digital,,5 Days,,,,csv,False,,8035.0,LG,,,"1,000+",4.5-5
power bank fast charging,Dell power bank fast charging Model 291,1087.0,,2.6,1882,Croma,,5 Days,,,,csv,False,,1087.0,Dell,,,"1,000+",Under 3
power bank fast charging,LG power bank fast charging Model 347,16861.0,,4.4,1826,Croma,,2 Days,,,,csv,False,,16861.0,LG,,,"1,000+",4-4.49
power bank fast charging,LG power bank fast charging Model 649,26039.0,,4.1,248,Flipkart,,2 Days,,,,csv,False,,26039.0,LG,,,"1,000+",4-4.49
office chair ergonomic,Nike office chair ergonomic Model 210,34006.0,,4.6,2854,Flipkart,,Free Delivery,,,,csv,False,,34006.0,Nike,,,"1,000+",4.5-5
men running shoes,HP men running shoes Model 454,30364.0,,,660,Amazon,,5 Days,,,,csv,False,,30364.0,HP,,,"1,000+",Unknown
men running shoes,LG men running shoes Model 174,22398.0,,3.7,4029,Amazon,,5 Days,,,,csv,True,,22398.0,LG,,,"1,000+",3-3.99
air fryer india,Nike air fryer India Model 543,24365.0,,3.8,4051,Croma,,5 Days,,,,csv,True,,24365.0,Nike,,,"1,000+",3-3.99
power bank fast charging,LG power bank fast charging Model 344,25192.0,,,1871,Flipkart,,Free Delivery,,,,csv,False,,25192.0,LG,,,"1,000+",Unknown
office chair ergonomic,Samsung office chair ergonomic Model 656,41403.0,,2.8,135,Amazon,,Free Delivery,,,,csv,False,,41403.0,Samsung,,,"1,000+",Under 3
power bank fast charging,LG power bank fast charging Model 620,7596.0,,2.5,3981,Flipkart,,2 Days,,,,csv,False,,7596.0,LG,,,"1,000+",Under 3
microwave oven convection,Nike microwave oven convection Model 724,43854.0,,3.5,3729,Croma,,5 Days,,,,csv,False,,43854.0,Nike,,,"1,000+",3-3.99
men running shoes,Nike men running shoes Model 955,12436.0,,2.8,4004,Amazon,,2 Days,,,,csv,False,,12436.0,Nike,,,"1,000+",Under 3
power bank fast charging,Nike power bank fast charging Model 543,19052.0,,4.2,3428,Flipkart,,5 Days,,,,csv,False,,19052.0,Nike,,,"1,000+",4-4.49
microwave oven convection,Philips microwave oven convection Model 269,47068.0,,3.9,1802,Reliance Digital,,Free Delivery,,,,csv,False,,47068.0,Philips,,,"1,000+",3-3.99
power bank fast charging,Dell power bank fast charging Model 653,46043.0,,4.2,1541,Flipkart,,Free Delivery,,,,csv,False,,46043.0,Dell,,,"1,000+",4-4.49
air fryer india,Nike air fryer India Model 396,24365.0,,2.6,,Reliance Digital,,5 Days,,,,csv,True,,24365.0,Nike,,,"1,000+",Under 3
office chair ergonomic,Nike office chair ergonomic Model 771,29337.0,,3.6,1541,Flipkart,,Free Delivery,,,,csv,False,,29337.0,Nike,,,"1,000+",3-3.99
power bank fast charging,HP power bank fast charging Model 730,15938.0,,3.3,3328,Amazon,,Free Delivery,,,,csv,False,,15938.0,HP,,,"1,000+",3-3.99
microwave oven convection,LG microwave oven convection Model 878,24180.5,,2.8,2854,Amazon,,5 Days,,,,csv,True,,24180.5,LG,,,"1,000+",Under 3
air fryer india,LG air fryer India Model 168,24365.0,,2.7,2233,Flipkart,,Free Delivery,,,,csv,True,,24365.0,LG,,,"1,000+",Under 3
men running shoes,Philips men running shoes Model 376,22398.0,,4.4,2555,Flipkart,,5 Days,,,,csv,True,,22398.0,Philips,,,"1,000+",4-4.49
office chair ergonomic,HP office chair ergonomic Model 674,41684.0,,3.7,3074,Croma,,Free Delivery,,,,csv,False,,41684.0,HP,,,"1,000+",3-3.99
air fryer india,Sony air fryer India Model 906,41305.0,,3.9,3574,Reliance Digital,,Free Delivery,,,,csv,False,,41305.0,Sony,,,"1,000+",3-3.99
office chair ergonomic,Samsung office chair ergonomic Model 398,31075.0,,4.7,1146,Amazon,,Free Delivery,,,,csv,False,,31075.0,Samsung,,,"1,000+",4.5-5
men running shoes,Dell men running shoes Model 652,30140.0,,2.9,807,Reliance Digital,,5 Days,,,,csv,False,,30140.0,Dell,,,"1,000+",Under 3
power bank fast charging,Sony power bank fast charging Model 334,9499.0,,4.9,4207,Croma,,Free Delivery,,,,csv,False,,9499.0,Sony,,,"1,000+",4.5-5
men running shoes,Philips men running shoes Model 277,31389.0,,4.3,4321,Croma,,5 Days,,,,csv,False,,31389.0,Philips,,,"1,000+",4-4.49
office chair ergonomic,Philips office chair ergonomic Model 658,4438.0,,,40,Amazon,,5 Days,,,,csv,False,,4438.0,Philips,,,"1,000+",Unknown
air fryer india,Dell air fryer India Model 580,17961.0,,3.1,4995,Flipkart,,2 Days,,,,csv,False,,17961.0,Dell,,,"1,000+",3-3.99
office chair ergonomic,Dell office chair ergonomic Model 249,9264.0,,3.3,609,Reliance Digital,,Free Delivery,,,,csv,False,,9264.0,Dell,,,"1,000+",3-3.99
microwave oven convection,LG microwave oven convection Model 223,46052.0,,4.5,2531,Croma,,Free Delivery,,,,csv,False,,46052.0,LG,,,"1,000+",4.5-5
air fryer india,LG air fryer India Model 237,3117.0,,3.7,748,Croma,,Free Delivery,,,,csv,False,,3117.0,LG,,,"1,000+",3-3.99
air fryer india,LG air fryer India Model 520,28421.0,,4.6,2786,Reliance Digital,,5 Days,,,,csv,False,,28421.0,LG,,,"1,000+",4.5-5
air fryer india,Dell air fryer India Model 376,48528.0,,2.6,3673,Flipkart,,Free Delivery,,,,csv,False,,48528.0,Dell,,,"1,000+",Under 3
microwave oven convection,Puma microwave oven convection Model 544,48582.0,,3.1,3036,Flipkart,,5 Days,,,,csv,False,,48582.0,Puma,,,"1,000+",3-3.99
office chair ergonomic,HP office chair ergonomic Model 112,31474.0,,3.0,4517,Croma,,Free Delivery,,,,csv,False,,31474.0,HP,,,"1,000+",3-3.99
air fryer india,Nike air fryer India Model 635,23979.0,,,384,Amazon,,2 Days,,,,csv,False,,23979.0,Nike,,,"1,000+",Unknown
office chair ergonomic,Philips office chair ergonomic Model 883,25335.0,,3.4,3442,Amazon,,2 Days,,,,csv,True,,25335.0,Philips,,,"1,000+",3-3.99
office chair ergonomic,Boat office chair ergonomic Model 505,17335.0,,4.9,2038,Croma,,Free Delivery,,,,csv,False,,17335.0,Boat,,,"1,000+",4.5-5
office chair ergonomic,Nike office chair ergonomic Model 457,6006.0,,3.4,1498,Flipkart,,Free Delivery,,,,csv,False,,6006.0,Nike,,,"1,000+",3-3.99
air fryer india,Philips air fryer India Model 669,13652.0,,2.7,2243,Amazon,,2 Days,,,,csv,False,,13652.0,Philips,,,"1,000+",Under 3
men running shoes,HP men running shoes Model 974,13155.0,,3.6,2057,Flipkart,,2 Days,,,,csv,False,,13155.0,HP,,,"1,000+",3-3.99
microwave oven convection,Sony microwave oven convection Model 861,14160.0,,5.0,1594,Reliance Digital,,Free Delivery,,,,csv,False,,14160.0,Sony,,,"1,000+",4.5-5
office chair ergonomic,Boat office chair ergonomic Model 534,49386.0,,4.1,916,Croma,,Free Delivery,,,,csv,False,,49386.0,Boat,,,"1,000+",4-4.49
power bank fast charging,Boat power bank fast charging Model 257,48691.0,,4.8,539,Croma,,Free Delivery,,,,csv,False,,48691.0,Boat,,,"1,000+",4.5-5
office chair ergonomic,Sony office chair ergonomic Model 116,39770.0,,4.2,617,Reliance Digital,,2 Days,,,,csv,False,,39770.0,Sony,,,"1,000+",4-4.49
air fryer india,Sony air fryer India Model 725,22083.0,,2.5,3667,Flipkart,,5 Days,,,,csv,False,,22083.0,Sony,,,"1,000+",Under 3
men running shoes,LG men running shoes Model 265,31009.0,,3.1,506,Reliance Digital,,2 Days,,,,csv,False,,31009.0,LG,,,"1,000+",3-3.99
microwave oven convection,Philips microwave oven convection Model 221,14840.0,,4.3,3858,Flipkart,,Free Delivery,,,,csv,False,,14840.0,Philips,,,"1,000+",4-4.49
men running shoes,LG men running shoes Model 272,5766.0,,3.2,973,Reliance Digital,,5 Days,,,,csv,False,,5766.0,LG,,,"1,000+",3-3.99
microwave oven convection,Puma microwave oven convection Model 738,41951.0,,4.0,1460,Flipkart,,Free Delivery,,,,csv,False,,41951.0,Puma,,,"1,000+",4-4.49
office chair ergonomic,HP office chair ergonomic Model 205,132290.0,,2.6,874,Reliance Digital,,Free Delivery,,,,csv,False,,132290.0,HP,,,"1,000+",Under 3
office chair ergonomic,Samsung office chair ergonomic Model 229,20104.0,,2.7,439,Amazon,,2 Days,,,,csv,False,,20104.0,Samsung,,,"1,000+",Under 3
power bank fast charging,Nike power bank fast charging Model 172,25092.0,,3.0,263,Croma,,2 Days,,,,csv,False,,25092.0,Nike,,,"1,000+",3-3.99
microwave oven convection,Boat microwave oven convection Model 156,220130.0,,4.8,4501,Croma,,2 Days,,,,csv,False,,220130.0,Boat,,,"1,000+",4.5-5
air fryer india,Dell air fryer India Model 363,24365.0,,4.0,641,Flipkart,,2 Days,,,,csv,True,,24365.0,Dell,,,"1,000+",4-4.49
air fryer india,Dell air fryer India Model 243,184400.0,,2.6,3171,Amazon,,Free Delivery,,,,csv,False,,184400.0,Dell,,,"1,000+",Under 3
microwave oven convection,Boat microwave oven convection Model 458,31490.0,,3.1,1093,Amazon,,5 Days,,,,csv,False,,31490.0,Boat,,,"1,000+",3-3.99
power bank fast charging,Dell power bank fast charging Model 484,40635.0,,3.0,1454,Croma,,2 Days,,,,csv,False,,40635.0,Dell,,,"1,000+",3-3.99
office chair ergonomic,Philips office chair ergonomic Model 808,28743.0,,5.0,3347,Amazon,,2 Days,,,,csv,False,,28743.0,Philips,,,"1,000+",4.5-5
men running shoes,Samsung men running shoes Model 785,22398.0,,3.1,4026,Reliance Digital,,5 Days,,,,csv,True,,22398.0,Samsung,,,"1,000+",3-3.99
power bank fast charging,Philips power bank fast charging Model 136,11469.0,,3.4,2456,Reliance Digital,,Free Delivery,,,,csv,False,,11469.0,Philips,,,"1,000+",3-3.99
microwave oven convection,Sony microwave oven convection Model 852,47730.0,,4.5,3005,Croma,,2 Days,,,,csv,False,,47730.0,Sony,,,"1,000+",4.5-5
power bank fast charging,Boat power bank fast charging Model 295,171520.0,,3.9,,Flipkart,,Free Delivery,,,,csv,False,,171520.0,Boat,,,"1,000+",3-3.99
air fryer india,Nike air fryer India Model 162,383160.0,,4.1,4559,Flipkart,,5 Days,,,,csv,False,,489880.0,Nike,,,"1,000+",4-4.49
men running shoes,HP men running shoes Model 129,22398.0,,4.5,3287,Flipkart,,5 Days,,,,csv,True,,22398.0,HP,,,"1,000+",4.5-5
office chair ergonomic,HP office chair ergonomic Model 603,25335.0,,3.7,3241,Croma,,2 Days,,,,csv,True,,25335.0,HP,,,"1,000+",3-3.99
power bank fast charging,Boat power bank fast charging Model 237,27396.0,,4.1,4794,Reliance Digital,,Free Delivery,,,,csv,True,,27396.0,Boat,,,"1,000+",4-4.49
office chair ergonomic,Sony office chair ergonomic Model 116,383160.0,,4.2,617,Reliance Digital,,2 Days,,,,csv,False,,397700.0,Sony,,,"1,000+",4-4.49
office chair ergonomic,Samsung office chair ergonomic Model 472,9857.0,,,3938,Amazon,,2 Days,,,,csv,False,,9857.0,Samsung,,,"1,000+",Unknown
power bank fast charging,Sony power bank fast charging Model 327,27396.0,,4.6,251,Croma,,5 Days,,,,csv,True,,27396.0,Sony,,,"1,000+",4.5-5
office chair ergonomic,Puma office chair ergonomic Model 306,23833.0,,2.6,293,Flipkart,,5 Days,,,,csv,False,,23833.0,Puma,,,"1,000+",Under 3
microwave oven convection,Dell microwave oven convection Model 367,323170.0,,3.6,434,Amazon,,Free Delivery,,,,csv,False,,323170.0,Dell,,,"1,000+",3-3.99
microwave oven convection,Puma microwave oven convection Model 195,128720.0,,4.4,629,Amazon,,5 Days,,,,csv,False,,128720.0,Puma,,,"1,000+",4-4.49
power bank fast charging,Philips power bank fast charging Model 642,27396.0,,4.6,2579,Reliance Digital,,2 Days,,,,csv,True,,27396.0,Philips,,,"1,000+",4.5-5
men running shoes,Nike men running shoes Model 359,22398.0,,3.9,4643,Amazon,,Free Delivery,,,,csv,True,,22398.0,Nike,,,"1,000+",3-3.99
office chair ergonomic,Philips office chair ergonomic Model 666,25335.0,,5.0,1871,Reliance Digital,,2 Days,,,,csv,True,,25335.0,Philips,,,"1,000+",4.5-5
microwave oven convection,Philips microwave oven convection Model 322,24180.5,,4.2,3643,Croma,,Free Delivery,,,,csv,True,,24180.5,Philips,,,"1,000+",4-4.49
